12/20/2013,16178.57,16221.14
12/19/2013,16162.51,16179.08
12/18/2013,15876.57,16167.97
12/17/2013,15884.06,15875.26
12/16/2013,15759.6,15884.57
12/13/2013,15745.66,15755.36
12/12/2013,15844.82,15739.43
12/11/2013,15970.75,15843.53
12/10/2013,16024.12,15973.13
12/9/2013,16019.49,16025.53
12/6/2013,15825.55,16020.2
12/5/2013,15886.5,15821.51
12/4/2013,15910.51,15889.77
12/3/2013,16004.72,15914.62
12/2/2013,16087.12,16008.77
11/29/2013,16105.16,16086.41
11/27/2013,16073.37,16097.33
11/26/2013,16070.93,16072.8
11/25/2013,16072.09,16072.54
11/22/2013,16008.71,16064.77
11/21/2013,15908.07,16009.99
11/20/2013,15971.2,15900.82
11/19/2013,15974.06,15967.03
11/18/2013,15962.72,15976.02
11/15/2013,15876.16,15961.7
11/14/2013,15806.22,15876.22
11/13/2013,15739.5,15821.63
11/12/2013,15773.15,15750.67
11/11/2013,15759.28,15783.1
11/8/2013,15591.54,15761.78
11/7/2013,15751.31,15593.98
11/6/2013,15628.72,15746.88
11/5/2013,15631.22,15618.22
11/4/2013,15621.2,15639.12
11/1/2013,15558.01,15615.55
10/31/2013,15619.92,15545.75
10/30/2013,15680.74,15618.76
10/29/2013,15572.21,15680.35
10/28/2013,15569.19,15568.93
10/25/2013,15523.72,15570.28
10/24/2013,15414.87,15509.21
10/23/2013,15465.34,15413.33
10/22/2013,15394.22,15467.66
10/21/2013,15401.32,15392.2
10/18/2013,15371.71,15399.65
10/17/2013,15369.46,15371.65
10/16/2013,15170.7,15373.83
10/15/2013,15300.3,15168.01
10/14/2013,15231.33,15301.26
10/11/2013,15126.52,15237.11
10/10/2013,14806.39,15126.07
10/9/2013,14778.19,14802.98
10/8/2013,14938.04,14776.53
10/7/2013,15069.3,14936.24
10/4/2013,14994.68,15072.58
10/3/2013,15127.23,14996.48
10/2/2013,15182.65,15133.14
10/1/2013,15132.49,15191.7
9/30/2013,15249.82,15129.67
9/27/2013,15317.45,15258.24
9/26/2013,15274.42,15328.3
9/25/2013,15339.02,15273.26
9/24/2013,15402.54,15334.59
9/23/2013,15452.31,15401.38
9/20/2013,15635.09,15451.09
9/19/2013,15677.86,15636.55
9/18/2013,15533.03,15676.94
9/17/2013,15503.15,15529.73
9/16/2013,15381.36,15494.78
9/13/2013,15312.86,15376.06
9/12/2013,15327.14,15300.64
9/11/2013,15194.13,15326.6
9/10/2013,15067.23,15191.06
9/9/2013,14927.19,15063.12
9/6/2013,14941.55,14922.5
9/5/2013,14929.49,14937.48
9/4/2013,14832.42,14930.87
9/3/2013,14801.55,14833.96
8/30/2013,14844.1,14810.31
8/29/2013,14817.91,14840.95
8/28/2013,14770.99,14824.51
8/27/2013,14939.25,14776.13
8/26/2013,15014.58,14946.46
8/23/2013,14988.78,15010.51
8/22/2013,14908.6,14963.74
8/21/2013,14993.81,14897.55
8/20/2013,15011.82,15002.99
8/19/2013,15076.79,15010.74
8/16/2013,15112.57,15081.47
8/15/2013,15332.71,15112.19
8/14/2013,15447.71,15337.66
8/13/2013,15420.68,15451.01
8/12/2013,15415.22,15419.68
8/9/2013,15496.63,15425.51
8/8/2013,15477.27,15498.32
8/7/2013,15516.21,15470.67
8/6/2013,15608.44,15518.74
8/5/2013,15651.98,15612.13
8/2/2013,15627.56,15658.36
8/1/2013,15503.85,15628.02
7/31/2013,15528.57,15499.54
7/30/2013,15534.49,15520.59
7/29/2013,15557.14,15521.97
7/26/2013,15547.85,15558.83
7/25/2013,15539.17,15555.61
7/24/2013,15576.69,15542.24
7/23/2013,15547,15567.74
7/22/2013,15543.97,15545.55
7/19/2013,15524.27,15543.74
7/18/2013,15465.91,15548.54
7/17/2013,15456.92,15470.52
7/16/2013,15485.03,15451.85
7/15/2013,15459.69,15484.26
7/12/2013,15460.69,15464.3
7/11/2013,15298,15460.92
7/10/2013,15298.03,15291.66
7/9/2013,15228.46,15300.34
7/8/2013,15137.22,15224.69
7/5/2013,14995.46,15135.84
7/3/2013,14923.73,14988.55
7/2/2013,14973.04,14932.41
7/1/2013,14911.6,14974.96
6/28/2013,15016.58,14909.6
6/27/2013,14921.28,15024.49
6/26/2013,14769.99,14910.14
6/25/2013,14669.69,14760.31
6/24/2013,14795.79,14659.56
6/21/2013,14760.62,14799.4
6/20/2013,15105.51,14758.32
6/19/2013,15315.47,15112.19
6/18/2013,15186.3,15318.23
6/17/2013,15078.71,15179.85
6/14/2013,15178.08,15070.18
6/13/2013,14992.54,15176.08
6/12/2013,15130.39,14995.23
6/11/2013,15231.38,15122.02
6/10/2013,15247.81,15238.59
6/7/2013,15044.46,15248.12
6/6/2013,14955.45,15040.62
6/5/2013,15168.1,14960.59
6/4/2013,15255.22,15177.54
6/3/2013,15123.55,15254.03
5/31/2013,15322.22,15115.57
5/30/2013,15306.02,15324.53
5/29/2013,15399.94,15302.8
5/28/2013,15307.33,15409.39
5/24/2013,15290.74,15303.1
5/23/2013,15300.57,15294.5
5/22/2013,15387.12,15307.17
5/21/2013,15334.97,15387.58
5/20/2013,15348.33,15335.28
5/17/2013,15234.75,15354.4
5/16/2013,15273.92,15233.22
5/15/2013,15211.87,15275.69
5/14/2013,15092.15,15215.25
5/13/2013,15113.42,15091.68
5/10/2013,15082.62,15118.49
5/9/2013,15105.12,15082.62
5/8/2013,15056.2,15105.12
5/7/2013,14968.89,15056.2
5/6/2013,14973.96,14968.89
5/3/2013,14831.58,14973.96
5/2/2013,14700.95,14831.58
5/1/2013,14839.8,14700.95
4/30/2013,14818.75,14839.8
4/29/2013,14712.55,14818.75
4/26/2013,14700.8,14712.55
4/25/2013,14676.3,14700.8
4/24/2013,14719.46,14676.3
4/23/2013,14567.17,14719.46
4/22/2013,14547.51,14567.17
4/19/2013,14537.14,14547.51
4/18/2013,14618.59,14537.14
4/17/2013,14756.78,14618.59
4/16/2013,14599.2,14756.78
4/15/2013,14865.06,14599.2
4/12/2013,14865.14,14865.06
4/11/2013,14802.24,14865.14
4/10/2013,14673.46,14802.24
4/9/2013,14613.48,14673.46
4/8/2013,14565.25,14613.48
4/5/2013,14606.11,14565.25
4/4/2013,14550.35,14606.11
4/3/2013,14662.01,14550.35
4/2/2013,14572.85,14662.01
4/1/2013,14578.54,14572.85
3/28/2013,14526.16,14578.54
3/27/2013,14559.65,14526.16
3/26/2013,14447.75,14559.65
3/25/2013,14512.03,14447.75
3/22/2013,14421.49,14512.03
3/21/2013,14511.73,14421.49
3/20/2013,14455.82,14511.73
3/19/2013,14452.06,14455.82
3/18/2013,14514.11,14452.06
3/15/2013,14539.14,14514.11
3/14/2013,14455.28,14539.14
3/13/2013,14450.06,14455.28
3/12/2013,14447.29,14450.06
3/11/2013,14397.07,14447.29
3/8/2013,14329.49,14397.07
3/7/2013,14296.24,14329.49
3/6/2013,14253.77,14296.24
3/5/2013,14127.82,14253.77
3/4/2013,14089.66,14127.82
3/1/2013,14054.49,14089.66
2/28/2013,14075.37,14054.49
2/27/2013,13900.13,14075.37
2/26/2013,13784.17,13900.13
2/25/2013,14000.57,13784.17
2/22/2013,13880.62,14000.57
2/21/2013,13927.54,13880.62
2/20/2013,14035.67,13927.54
2/19/2013,13981.76,14035.67
2/15/2013,13973.39,13981.76
2/14/2013,13982.91,13973.39
2/13/2013,14018.7,13982.91
2/12/2013,13971.24,14018.7
2/11/2013,13992.97,13971.24
2/8/2013,13944.05,13992.97
2/7/2013,13986.52,13944.05
2/6/2013,13979.3,13986.52
2/5/2013,13880.08,13979.3
2/4/2013,14009.79,13880.08
2/1/2013,13860.58,14009.79
1/31/2013,13910.42,13860.58
1/30/2013,13954.42,13910.42
1/29/2013,13881.93,13954.42
1/28/2013,13895.98,13881.93
1/25/2013,13825.33,13895.98
1/24/2013,13779.33,13825.33
1/23/2013,13712.21,13779.33
1/22/2013,13649.7,13712.21
1/18/2013,13596.02,13649.7
1/17/2013,13511.23,13596.02
1/16/2013,13534.89,13511.23
1/15/2013,13507.32,13534.89
1/14/2013,13488.43,13507.32
1/11/2013,13471.45,13488.43
1/10/2013,13391.82,13471.22
1/9/2013,13329.92,13390.51
1/8/2013,13377.42,13328.85
1/7/2013,13436.13,13384.29
1/4/2013,13391.05,13435.21
1/3/2013,13413.01,13391.36
1/2/2013,13104.3,13412.55
12/31/2012,12938.19,13104.14
12/28/2012,13095.08,12938.11
12/27/2012,13114.97,13096.31
12/26/2012,13138.85,13114.59
12/24/2012,13190.15,13139.08
12/21/2012,13309.95,13190.84
12/20/2012,13246.67,13311.72
12/19/2012,13351.04,13251.97
12/18/2012,13236.61,13350.96
12/17/2012,13135.17,13235.39
12/14/2012,13170.8,13135.01
12/13/2012,13241.38,13170.72
12/12/2012,13250.05,13245.45
12/11/2012,13170.34,13248.44
12/10/2012,13154.89,13169.88
12/7/2012,13072.87,13155.13
12/6/2012,13026.19,13074.04
12/5/2012,12948.96,13034.49
12/4/2012,12966.45,12951.78
12/3/2012,13027.73,12965.6
11/30/2012,13022.05,13025.58
11/29/2012,12977.35,13021.82
11/28/2012,12875.56,12985.11
11/27/2012,12963.38,12878.13
11/26/2012,13008.3,12967.37
11/23/2012,12833.13,13009.68
11/21/2012,12788.36,12836.89
11/20/2012,12790.89,12788.51
11/19/2012,12590.23,12795.96
11/16/2012,12542.31,12588.31
11/15/2012,12571.1,12542.38
11/14/2012,12746.54,12570.95
11/13/2012,12808.71,12756.18
11/12/2012,12815.93,12815.08
11/9/2012,12811.17,12815.39
11/8/2012,12932.81,12811.32
11/7/2012,13228.24,12932.73
11/6/2012,13113.89,13245.68
11/5/2012,13092.28,13112.44
11/2/2012,13233.39,13093.16
11/1/2012,13099.19,13232.62
10/31/2012,13107.44,13096.46
10/30/2012,13107.21,13107.21
10/26/2012,13104.22,13107.21
10/25/2012,13079.64,13103.68
10/24/2012,13103.53,13077.34
10/23/2012,13344.9,13102.53
10/22/2012,13344.28,13345.89
10/19/2012,13545.33,13343.51
10/18/2012,13553.24,13548.94
10/17/2012,13539.63,13557
10/16/2012,13423.84,13551.78
10/15/2012,13329.54,13424.23
10/12/2012,13325.62,13328.85
10/11/2012,13346.28,13326.39
10/10/2012,13473.53,13344.97
10/9/2012,13582.88,13473.53
10/8/2012,13610.38,13583.65
10/5/2012,13569.18,13610.15
10/4/2012,13495.18,13575.36
10/3/2012,13479.21,13494.61
10/2/2012,13515.3,13482.36
10/1/2012,13437.66,13515.11
9/28/2012,13485.89,13437.13
9/27/2012,13413.47,13485.97
9/26/2012,13457.86,13413.51
9/25/2012,13559.92,13457.55
9/24/2012,13577.85,13558.92
9/21/2012,13597.24,13579.47
9/20/2012,13575.17,13596.93
9/19/2012,13565.41,13577.96
9/18/2012,13552.33,13564.64
9/17/2012,13588.57,13553.1
9/14/2012,13540.4,13593.37
9/13/2012,13329.71,13539.86
9/12/2012,13321.62,13333.35
9/11/2012,13254.6,13323.36
9/10/2012,13308.56,13254.29
9/7/2012,13289.53,13306.64
9/6/2012,13045.23,13292
9/5/2012,13036.09,13047.48
9/4/2012,13092.15,13035.94
8/31/2012,13002.72,13090.84
8/30/2012,13101.29,13000.71
8/29/2012,13103.46,13107.48
8/28/2012,13122.74,13102.99
8/27/2012,13157.74,13124.67
8/24/2012,13052.82,13157.97
8/23/2012,13171.37,13057.46
8/22/2012,13198.31,13172.76
8/21/2012,13272.1,13203.58
8/20/2012,13274.58,13271.64
8/17/2012,13251.2,13275.2
8/16/2012,13163.24,13250.11
8/15/2012,13157.47,13164.78
8/14/2012,13168.11,13172.14
8/13/2012,13204.93,13169.43
8/10/2012,13163.15,13207.95
8/9/2012,13174.73,13165.19
8/8/2012,13158.1,13175.64
8/7/2012,13118.65,13168.6
8/6/2012,13099.88,13117.51
8/3/2012,12884.82,13096.17
8/2/2012,12969.7,12878.88
8/1/2012,13007.47,12971.06
7/31/2012,13071.72,13008.68
7/30/2012,13075.35,13073.01
7/27/2012,12888.91,13075.66
7/26/2012,12680.59,12887.93
7/25/2012,12617.77,12676.05
7/24/2012,12720.93,12617.32
7/23/2012,12820.45,12721.46
7/20/2012,12942.68,12822.57
7/19/2012,12909.61,12943.36
7/18/2012,12796.98,12908.7
7/17/2012,12728.73,12805.54
7/16/2012,12776.33,12727.21
7/13/2012,12573.73,12777.09
7/12/2012,12602.71,12573.27
7/11/2012,12653.04,12604.53
7/10/2012,12733.87,12653.12
7/9/2012,12772.02,12736.29
7/6/2012,12889.4,12772.47
7/5/2012,12941.85,12896.67
7/3/2012,12868.06,12943.82
7/2/2012,12879.71,12871.39
6/29/2012,12604.6,12880.09
6/28/2012,12626.25,12602.26
6/27/2012,12532.93,12627.01
6/26/2012,12503.57,12534.67
6/25/2012,12639.8,12502.66
6/22/2012,12574.82,12640.78
6/21/2012,12823.1,12573.57
6/20/2012,12837.1,12824.39
6/19/2012,12744.62,12837.33
6/18/2012,12767.02,12741.82
6/15/2012,12652.21,12767.17
6/14/2012,12497.89,12651.91
6/13/2012,12566.38,12496.38
6/12/2012,12412.07,12573.8
6/11/2012,12553.81,12411.23
6/8/2012,12460.81,12554.2
6/7/2012,12416.53,12460.96
6/6/2012,12125,12414.79
6/5/2012,12101.08,12127.95
6/4/2012,12119.85,12101.46
6/1/2012,12391.56,12118.57
5/31/2012,12414.41,12393.45
5/30/2012,12579.02,12419.86
5/29/2012,12454.83,12580.69
5/25/2012,12530.74,12454.83
5/24/2012,12491.91,12529.75
5/23/2012,12501.52,12496.15
5/22/2012,12505.38,12502.81
5/21/2012,12369.15,12504.48
5/18/2012,12443.02,12369.38
5/17/2012,12598.32,12442.49
5/16/2012,12617.32,12598.55
5/15/2012,12695.05,12632
5/14/2012,12818.49,12695.35
5/11/2012,12851.79,12820.6
5/10/2012,12831.58,12855.04
5/9/2012,12921.81,12835.06
5/8/2012,13000.73,12932.09
5/7/2012,13035.85,13008.53
5/4/2012,13204.62,13038.27
5/3/2012,13267.59,13206.59
5/2/2012,13278.11,13268.57
5/1/2012,13214.16,13279.32
4/30/2012,13228.31,13213.63
4/27/2012,13204.7,13228.31
4/26/2012,13090.11,13204.62
4/25/2012,12997.69,13090.72
4/24/2012,12927.77,13001.56
4/23/2012,13028.2,12927.17
4/20/2012,12964.48,13029.26
4/19/2012,13028.73,12964.1
4/18/2012,13114.56,13032.75
4/17/2012,12921.79,13115.54
4/16/2012,12850.88,12921.41
4/13/2012,12986.2,12849.59
4/12/2012,12806.45,12986.58
4/11/2012,12716.92,12805.39
4/10/2012,12929.44,12715.93
4/9/2012,13057.57,12929.59
4/5/2012,13067.18,13060.14
4/4/2012,13198.19,13074.75
4/3/2012,13258.96,13199.55
4/2/2012,13211.36,13264.49
3/30/2012,13147.94,13212.04
3/29/2012,13125.99,13145.82
3/28/2012,13195.39,13126.21
3/27/2012,13242.09,13197.73
3/26/2012,13082.62,13241.63
3/23/2012,13045.99,13080.73
3/22/2012,13124.4,13046.14
3/21/2012,13170.79,13124.62
3/20/2012,13238.45,13170.19
3/19/2012,13231.94,13239.13
3/16/2012,13253.51,13232.62
3/15/2012,13192.97,13252.76
3/14/2012,13177.15,13194.1
3/13/2012,12953.2,13177.68
3/12/2012,12920.58,12959.71
3/9/2012,12908.62,12922.02
3/8/2012,12835.53,12907.94
3/7/2012,12756.12,12837.33
3/6/2012,12958.65,12759.15
3/5/2012,12977.34,12962.81
3/2/2012,12980.75,12977.57
3/1/2012,12952.29,12980.3
2/29/2012,13005.42,12952.07
2/28/2012,12976.74,13005.12
2/27/2012,12981.13,12981.51
2/24/2012,12981.2,12982.95
2/23/2012,12937.08,12984.69
2/22/2012,12966.22,12938.67
2/21/2012,12949.34,12965.69
2/17/2012,12903.33,12949.87
2/16/2012,12779.81,12904.08
2/15/2012,12864.65,12780.95
2/14/2012,12871.77,12878.28
2/13/2012,12799.11,12874.04
2/10/2012,12889.55,12801.23
2/9/2012,12884.41,12890.46
2/8/2012,12865.79,12883.95
2/7/2012,12844.37,12878.2
2/6/2012,12860.72,12845.13
2/3/2012,12705.04,12862.23
2/2/2012,12716.54,12705.41
2/1/2012,12632.76,12716.46
1/31/2012,12654.78,12632.91
1/30/2012,12659.17,12653.72
1/27/2012,12733.95,12660.46
1/26/2012,12757.33,12734.63
1/25/2012,12673.63,12756.96
1/24/2012,12708.37,12675.75
1/23/2012,12720.25,12708.82
1/20/2012,12623.83,12720.48
1/19/2012,12578.19,12623.98
1/18/2012,12474.69,12578.95
1/17/2012,12423.12,12482.07
1/13/2012,12469.96,12422.06
1/12/2012,12449.91,12471.02
1/11/2012,12459.52,12449.45
1/10/2012,12394.51,12462.47
1/9/2012,12359.31,12392.69
1/6/2012,12407.45,12359.92
1/5/2012,12418.42,12415.7
1/4/2012,12392.46,12418.42
1/3/2012,12221.19,12397.38
12/30/2011,12286.13,12217.56
12/29/2011,12152.09,12287.04
12/28/2011,12288.85,12151.41
12/27/2011,12293.47,12291.35
12/23/2011,12169.8,12294
12/22/2011,12107.59,12169.65
12/21/2011,12103.28,12107.74
12/20/2011,11769.21,12103.58
12/19/2011,11866.54,11766.26
12/16/2011,11870.25,11866.39
12/15/2011,11825.29,11868.81
12/14/2011,11949.72,11823.48
12/13/2011,12018.66,11954.94
12/12/2011,12181.08,12021.39
12/9/2011,11996.03,12184.26
12/8/2011,12195.91,11997.7
12/7/2011,12144.41,12196.37
12/6/2011,12097.75,12150.13
12/5/2011,12021.54,12097.83
12/2/2011,12022.37,12019.42
12/1/2011,12046.21,12020.03
11/30/2011,11559.27,12045.68
11/29/2011,11523.01,11555.63
11/28/2011,11232.47,11523.01
11/25/2011,11251.88,11231.78
11/23/2011,11492.74,11257.55
11/22/2011,11542.39,11493.72
11/21/2011,11795.55,11547.31
11/18/2011,11768.98,11796.16
11/17/2011,11905.67,11770.73
11/16/2011,12084.74,11905.59
11/15/2011,12077.92,12096.16
11/14/2011,12153,12078.98
11/11/2011,11896.28,12153.68
11/10/2011,11780.03,11893.79
11/9/2011,12166.4,11780.94
11/8/2011,12055.52,12170.18
11/7/2011,11983.02,12068.39
11/4/2011,12043.41,11983.24
11/3/2011,11835.59,12044.47
11/2/2011,11658.49,11836.04
11/1/2011,11951.53,11657.96
10/31/2011,12229.22,11955.01
10/28/2011,12207.34,12231.11
10/27/2011,11872.07,12208.55
10/26/2011,11707.76,11869.04
10/25/2011,11912.63,11706.62
10/24/2011,11807.96,11913.62
10/21/2011,11543.22,11808.79
10/20/2011,11502.13,11541.78
10/19/2011,11577.54,11504.62
10/18/2011,11396.17,11577.05
10/17/2011,11643.35,11397
10/14/2011,11478.97,11644.49
10/13/2011,11518.09,11478.13
10/12/2011,11417.36,11518.85
10/11/2011,11432.8,11416.3
10/10/2011,11104.56,11433.18
10/7/2011,11123.41,11103.12
10/6/2011,10939.87,11123.33
10/5/2011,10800.47,10939.95
10/4/2011,10651.44,10808.71
10/3/2011,10912.1,10655.3
9/30/2011,11152.32,10913.38
9/29/2011,11012.79,11153.98
9/28/2011,11189.1,11010.9
9/27/2011,11045.23,11190.69
9/26/2011,10771.78,11043.86
9/23/2011,10732.77,10771.48
9/22/2011,11121.89,10733.83
9/21/2011,11408.58,11124.84
9/20/2011,11401.47,11408.66
9/19/2011,11506.67,11401.01
9/16/2011,11433.71,11509.09
9/15/2011,11247.72,11433.18
9/14/2011,11106.83,11246.73
9/13/2011,11054.99,11105.85
9/12/2011,10990.01,11061.12
9/9/2011,11294.6,10992.13
9/8/2011,11414.86,11295.81
9/7/2011,11137.63,11414.86
9/6/2011,11237.31,11139.3
9/2/2011,11492.06,11240.26
9/1/2011,11613.3,11493.57
8/31/2011,11560.48,11613.53
8/30/2011,11532.13,11559.95
8/29/2011,11286.65,11539.25
8/26/2011,11145.2,11284.54
8/25/2011,11321.02,11149.82
8/24/2011,11175.78,11320.71
8/23/2011,10854.58,11176.76
8/22/2011,10820.37,10854.65
8/19/2011,10989.75,10817.65
8/18/2011,11406.27,10990.58
8/17/2011,11392.01,11410.21
8/16/2011,11480.48,11405.93
8/15/2011,11269.85,11482.9
8/12/2011,11143.46,11269.02
8/11/2011,10729.85,11143.31
8/10/2011,11228,10719.94
8/9/2011,10810.91,11239.77
8/8/2011,11433.93,10809.85
8/5/2011,11383.98,11444.61
8/4/2011,11893.86,11383.68
8/3/2011,11863.74,11896.44
8/2/2011,12129.77,11866.62
8/1/2011,12144.22,12132.49
7/29/2011,12239.36,12143.24
7/28/2011,12301.72,12240.11
7/27/2011,12498.42,12302.55
7/26/2011,12592.12,12501.3
7/25/2011,12679.72,12592.8
7/22/2011,12724.71,12681.16
7/21/2011,12567.07,12724.41
7/20/2011,12583.68,12571.91
7/19/2011,12386.03,12587.42
7/18/2011,12475.11,12385.16
7/15/2011,12437.12,12479.73
7/14/2011,12491.53,12437.12
7/13/2011,12447.33,12491.61
7/12/2011,12505.54,12446.88
7/11/2011,12655.62,12505.76
7/8/2011,12717.9,12657.2
7/7/2011,12627.23,12719.49
7/6/2011,12562.47,12626.02
7/5/2011,12583,12569.87
7/4/2011,12582.77,12582.77
7/1/2011,12412.07,12582.77
6/30/2011,12262.25,12414.34
6/29/2011,12187.63,12261.42
6/28/2011,12042.28,12188.69
6/27/2011,11934.66,12043.56
6/24/2011,12049.24,11934.58
6/23/2011,12108.35,12050
6/22/2011,12189.71,12109.67
6/21/2011,12081.33,12190.01
6/20/2011,12004.28,12080.38
6/17/2011,11962.66,12004.36
6/16/2011,11896.13,11961.52
6/15/2011,12075.12,11897.27
6/14/2011,11951.38,12076.11
6/13/2011,11945.33,11952.97
6/10/2011,12124.17,11951.91
6/9/2011,12049.47,12124.36
6/8/2011,12066.27,12048.94
6/7/2011,12090.18,12070.81
6/6/2011,12151.19,12089.96
6/3/2011,12247.8,12151.26
6/2/2011,12289.61,12248.55
6/1/2011,12569.41,12290.14
5/31/2011,12443.4,12569.79
5/27/2011,12398.06,12441.58
5/26/2011,12391.63,12402.76
5/25/2011,12355.45,12394.66
5/24/2011,12381.57,12356.21
5/23/2011,12511.36,12381.26
5/20/2011,12604.72,12512.04
5/19/2011,12561.46,12605.32
5/18/2011,12471.78,12560.18
5/17/2011,12541.33,12479.58
5/16/2011,12594.77,12548.37
5/13/2011,12695.65,12595.75
5/12/2011,12629.96,12695.92
5/11/2011,12745.87,12630.03
5/10/2011,12685.13,12760.36
5/9/2011,12637.83,12684.68
5/6/2011,12580.76,12638.74
5/5/2011,12723.65,12584.17
5/4/2011,12806.29,12723.58
5/3/2011,12806.38,12807.51
5/2/2011,12810.16,12807.36
4/29/2011,12763.46,12810.54
4/28/2011,12689.9,12763.31
4/27/2011,12592.23,12690.96
4/26/2011,12480.86,12595.37
4/25/2011,12505.99,12479.88
4/21/2011,12453.62,12505.99
4/20/2011,12266.75,12453.54
4/19/2011,12201.44,12266.75
4/18/2011,12339.71,12201.59
4/15/2011,12285.45,12341.83
4/14/2011,12270.24,12285.15
4/13/2011,12263.65,12270.99
4/12/2011,12381.19,12263.58
4/11/2011,12380.43,12381.11
4/8/2011,12409.87,12380.05
4/7/2011,12426.45,12409.49
4/6/2011,12386.66,12426.75
4/5/2011,12402.08,12393.9
4/4/2011,12374.6,12400.03
4/1/2011,12321.02,12376.72
3/31/2011,12350.76,12319.73
3/30/2011,12280.07,12350.61
3/29/2011,12194.48,12279.01
3/28/2011,12221.19,12197.88
3/25/2011,12170.71,12220.59
3/24/2011,12087.54,12170.56
3/23/2011,12018.4,12086.02
3/22/2011,12036.37,12018.63
3/21/2011,11860.11,12036.53
3/18/2011,11777.23,11858.52
3/17/2011,11614.89,11774.59
3/16/2011,11854.2,11613.3
3/15/2011,11988.69,11855.42
3/14/2011,12042.13,11993.16
3/11/2011,11976.96,12044.4
3/10/2011,12211.43,11984.61
3/9/2011,12211.16,12213.09
3/8/2011,12085.87,12214.38
3/7/2011,12171.09,12090.03
3/4/2011,12258.88,12169.88
3/3/2011,12068.01,12258.2
3/2/2011,12057.34,12066.8
3/1/2011,12226.49,12058.02
2/28/2011,12130.45,12226.34
2/25/2011,12060.93,12130.45
2/24/2011,12104.56,12068.5
2/23/2011,12211.81,12105.78
2/22/2011,12389.74,12212.79
2/18/2011,12318.67,12391.25
2/17/2011,12287.72,12318.14
2/16/2011,12219.79,12288.17
2/15/2011,12266.75,12226.64
2/14/2011,12266.83,12268.19
2/11/2011,12227.78,12273.26
2/10/2011,12239.66,12229.29
2/9/2011,12229.29,12239.89
2/8/2011,12152.7,12233.15
2/7/2011,12092.38,12161.63
2/4/2011,12061.73,12092.15
2/3/2011,12040.68,12062.26
2/2/2011,12038.27,12041.97
2/1/2011,11892.5,12040.16
1/31/2011,11824.39,11891.93
1/28/2011,11990.36,11823.7
1/27/2011,11985.36,11989.83
1/26/2011,11978.85,11985.44
1/25/2011,11980.52,11977.19
1/24/2011,11873.43,11980.52
1/21/2011,11822.95,11871.84
1/20/2011,11823.7,11822.8
1/19/2011,11834.21,11825.29
1/18/2011,11783.82,11837.93
1/14/2011,11732.13,11787.38
1/13/2011,11753.7,11731.9
1/12/2011,11673.62,11755.44
1/11/2011,11638.51,11671.88
1/10/2011,11672.34,11637.45
1/7/2011,11696.86,11674.76
1/6/2011,11716.93,11697.31
1/5/2011,11688.61,11722.89
1/4/2011,11670.9,11691.18
1/3/2011,11577.43,11670.75
12/31/2010,11569.33,11577.51
12/30/2010,11585.3,11569.71
12/29/2010,11572.74,11585.38
12/28/2010,11554.8,11575.54
12/27/2010,11572.81,11555.03
12/23/2010,11559.11,11573.49
12/22/2010,11532.17,11559.49
12/21/2010,11478.36,11533.16
12/20/2010,11491.3,11478.13
12/16/2010,11458,11499.25
12/15/2010,11475.64,11457.47
12/14/2010,11429.24,11476.54
12/13/2010,11406.16,11428.56
12/9/2010,11370.36,11370.06
12/8/2010,11354.3,11372.48
12/7/2010,11363.85,11359.16
12/6/2010,11381.33,11362.19
12/2/2010,11255.93,11362.41
12/1/2010,11007.23,11255.78
11/30/2010,11049.72,11006.02
11/29/2010,11083.75,11052.49
11/24/2010,11037.35,11187.28
11/23/2010,11177.6,11036.37
11/22/2010,11201.66,11178.58
11/19/2010,11180.77,11203.55
11/18/2010,11010.49,11181.23
11/17/2010,11017.83,11007.88
11/16/2010,11194.7,11023.5
11/15/2010,11194.02,11201.97
11/12/2010,11281.28,11192.58
11/11/2010,11326.69,11283.1
11/10/2010,11342.81,11357.04
11/9/2010,11403.59,11346.75
11/8/2010,11439.54,11406.84
11/5/2010,11435.22,11444.08
11/4/2010,11216.65,11434.84
11/3/2010,11184.88,11215.13
11/2/2010,11125.22,11188.72
11/1/2010,11120.3,11124.62
10/29/2010,11120.45,11118.49
10/28/2010,11127.34,11113.95
10/27/2010,11168.4,11126.28
10/26/2010,11163.14,11169.46
10/25/2010,11133.4,11164.05
10/22/2010,11146.41,11132.56
10/21/2010,11105.24,11146.57
10/20/2010,10974.52,11107.97
10/19/2010,11139.6,10978.62
10/18/2010,11062.63,11143.69
10/15/2010,11096.01,11062.78
10/14/2010,11096.99,11094.57
10/13/2010,11022.82,11096.08
10/12/2010,11010.79,11020.4
10/11/2010,11006.93,11010.34
10/8/2010,10948.5,11006.48
10/7/2010,10968.41,10948.58
10/6/2010,10936.79,10967.65
10/5/2010,10752.78,10944.72
10/4/2010,10828.85,10751.27
10/1/2010,10789.72,10829.68
9/30/2010,10836.04,10788.05
9/29/2010,10857.98,10835.28
9/28/2010,10809.17,10858.14
9/27/2010,10860.03,10812.04
9/24/2010,10664.39,10860.26
9/23/2010,10738.48,10662.42
9/22/2010,10761.11,10739.31
9/21/2010,10753.39,10761.03
9/20/2010,10608.08,10753.62
9/17/2010,10595.51,10607.85
9/16/2010,10571.75,10594.83
9/15/2010,10526.42,10572.73
9/14/2010,10544.73,10526.49
9/13/2010,10458.6,10544.13
9/10/2010,10415.01,10462.77
9/9/2010,10388.14,10415.24
9/8/2010,10338.49,10387.01
9/7/2010,10446.8,10340.69
9/3/2010,10321.92,10447.93
9/2/2010,10270.08,10320.1
9/1/2010,10016.01,10269.47
8/31/2010,10006.42,10014.72
8/30/2010,10145.58,10009.73
8/27/2010,9982.18,10150.65
8/26/2010,10059.9,9985.81
8/25/2010,10040.15,10060.06
8/24/2010,10173.05,10040.45
8/23/2010,10215.51,10174.41
8/20/2010,10270.98,10213.62
8/19/2010,10411.15,10271.21
8/18/2010,10398.59,10415.54
8/17/2010,10297.63,10405.85
8/16/2010,10303.07,10302.01
8/13/2010,10320.33,10303.15
8/12/2010,10361.58,10319.95
8/11/2010,10631.82,10378.83
8/10/2010,10696.63,10644.25
8/9/2010,10654.62,10698.75
8/6/2010,10668.55,10653.56
8/5/2010,10679.67,10674.98
8/4/2010,10630.2,10680.43
8/3/2010,10673.92,10636.38
8/2/2010,10468.82,10674.38
7/30/2010,10465.19,10465.94
7/29/2010,10498.94,10467.16
7/28/2010,10537.01,10497.88
7/27/2010,10525.28,10537.69
7/26/2010,10424.17,10525.43
7/23/2010,10321.16,10424.62
7/22/2010,10121.81,10322.3
7/21/2010,10226.02,10120.53
7/20/2010,10151.48,10229.96
7/19/2010,10098.12,10154.43
7/16/2010,10356.2,10097.9
7/15/2010,10367.1,10359.31
7/14/2010,10370.96,10366.72
7/13/2010,10217.55,10363.02
7/12/2010,10199.24,10216.27
7/9/2010,10137.93,10198.03
7/8/2010,10019.26,10138.99
7/7/2010,9736.85,10018.28
7/6/2010,9689.21,9743.62
7/2/2010,9732.23,9686.48
7/1/2010,9773.27,9732.53
6/30/2010,9868.34,9774.02
6/29/2010,10135.72,9870.3
6/28/2010,10143.05,10138.52
6/25/2010,10153.48,10143.81
6/24/2010,10297.08,10152.8
6/23/2010,10293.3,10298.44
6/22/2010,10441.95,10293.52
6/21/2010,10452.46,10442.41
6/18/2010,10435,10450.64
6/17/2010,10409.98,10434.17
6/16/2010,10404.24,10409.46
6/15/2010,10192.4,10404.77
6/14/2010,10211.83,10190.89
6/11/2010,10166.78,10211.07
6/10/2010,9901.67,10172.53
6/9/2010,9941.57,9899.25
6/8/2010,9812.94,9939.98
6/7/2010,9931.75,9816.49
6/4/2010,10249.61,9931.97
6/3/2010,10250.67,10255.28
6/2/2010,10025.61,10249.54
6/1/2010,10133.94,10024.02
5/28/2010,10258,10136.63
5/27/2010,9971.73,10258.99
5/26/2010,10045.11,9974.45
5/25/2010,10061.43,10043.75
5/24/2010,10193.46,10066.57
5/21/2010,10063.93,10193.39
5/20/2010,10440.21,10068.01
5/19/2010,10505.7,10444.37
5/18/2010,10625.45,10510.95
5/17/2010,10616.98,10625.83
5/14/2010,10780.68,10620.16
5/13/2010,10896.61,10782.95
5/12/2010,10742.15,10896.91
5/11/2010,10780,10748.26
5/10/2010,10386.18,10785.14
5/7/2010,10519.42,10380.43
5/6/2010,10862.22,10520.32
5/5/2010,10918.4,10868.12
5/4/2010,11149.48,10926.77
5/3/2010,11009.6,11151.83
4/30/2010,11168.23,11008.61
4/29/2010,11045.64,11167.32
4/28/2010,10988.87,11045.27
4/27/2010,11203.67,10991.99
4/26/2010,11205.11,11205.03
4/23/2010,11132.18,11204.28
4/22/2010,11119.78,11134.29
4/21/2010,11116.91,11124.92
4/20/2010,11093.11,11117.06
4/19/2010,11018.36,11092.05
4/16/2010,11143.66,11018.66
4/15/2010,11122.96,11144.57
4/14/2010,11020.7,11123.11
4/13/2010,11006.72,11019.42
4/12/2010,10996.75,11005.97
4/9/2010,10926.92,10997.35
4/8/2010,10896.99,10927.07
4/7/2010,10961.95,10897.52
4/6/2010,10972.49,10969.99
4/5/2010,10927.45,10973.55
4/1/2010,10857.31,10927.07
3/31/2010,10907.34,10856.63
3/30/2010,10895.02,10907.42
3/29/2010,10849.23,10895.86
3/26/2010,10841.29,10850.36
3/25/2010,10837.51,10841.21
3/24/2010,10887.62,10836.15
3/23/2010,10787.18,10888.83
3/22/2010,10741,10785.89
3/19/2010,10780,10741.98
3/18/2010,10733.44,10779.17
3/17/2010,10686.36,10733.67
3/16/2010,10642.53,10685.98
3/15/2010,10623.41,10642.15
3/12/2010,10611.77,10624.69
3/11/2010,10560.98,10611.84
3/10/2010,10560.13,10567.33
3/9/2010,10552.24,10564.38
3/8/2010,10563.78,10552.52
3/5/2010,10445.13,10566.2
3/4/2010,10396.53,10444.14
3/3/2010,10406.28,10396.76
3/2/2010,10404.16,10405.98
3/1/2010,10326.1,10403.79
2/26/2010,10321.41,10325.26
2/25/2010,10366.6,10321.03
2/24/2010,10284,10374.16
2/23/2010,10383.16,10282.41
2/22/2010,10402.43,10383.38
2/19/2010,10387.77,10402.35
2/18/2010,10309.39,10392.9
2/17/2010,10261.48,10309.24
2/16/2010,10100.81,10268.81
2/12/2010,10137.23,10099.14
2/11/2010,10037.85,10144.19
2/10/2010,10055.46,10038.38
2/9/2010,9910.28,10058.64
2/8/2010,10005.43,9908.39
2/5/2010,10003.69,10012.23
2/4/2010,10273.12,10002.18
2/3/2010,10291.73,10270.55
2/2/2010,10186.13,10296.85
2/1/2010,10068.99,10185.53
1/29/2010,10122.04,10067.33
1/28/2010,10236.92,10120.46
1/27/2010,10194.29,10236.16
1/26/2010,10195.35,10194.29
1/25/2010,10175.1,10196.86
1/22/2010,10389.58,10172.98
1/21/2010,10603.91,10389.88
1/20/2010,10719.69,10603.15
1/19/2010,10608.37,10725.43
1/15/2010,10706.99,10609.65
1/14/2010,10680.16,10710.55
1/13/2010,10628.09,10680.77
1/12/2010,10662.86,10627.26
1/11/2010,10620.31,10663.99
1/8/2010,10606.4,10618.19
1/7/2010,10571.11,10606.86
1/6/2010,10564.72,10573.68
1/5/2010,10584.56,10572.02
1/4/2010,10430.69,10583.96
12/31/2009,10548.51,10428.05
12/30/2009,10544.36,10548.51
12/29/2009,10547.83,10545.41
12/28/2009,10517.91,10547.08
12/24/2009,10467.12,10520.1
12/23/2009,10464.32,10466.44
12/22/2009,10414.67,10464.93
12/21/2009,10330.1,10414.14
12/18/2009,10309.39,10328.89
12/17/2009,10439.99,10308.26
12/16/2009,10449.81,10441.12
12/15/2009,10499.31,10452
12/14/2009,10471.28,10501.05
12/11/2009,10403.41,10471.5
12/10/2009,10336,10405.83
12/9/2009,10282.85,10337.05
12/8/2009,10385.42,10285.97
12/7/2009,10386.86,10390.11
12/4/2009,10368.57,10388.9
12/3/2009,10455.63,10366.15
12/2/2009,10470.44,10452.68
12/1/2009,10343.82,10471.58
11/30/2009,10309.77,10344.84
11/27/2009,10452.23,10309.92
11/25/2009,10432.96,10464.4
11/24/2009,10451.25,10433.71
11/23/2009,10320.13,10450.95
11/20/2009,10327.91,10318.16
11/19/2009,10425.33,10332.44
11/18/2009,10426.27,10426.31
11/17/2009,10404.77,10437.42
11/16/2009,10267.53,10406.96
11/13/2009,10197.85,10270.47
11/12/2009,10289.82,10197.47
11/11/2009,10247.42,10291.26
11/10/2009,10223.01,10246.97
11/9/2009,10020.62,10226.94
11/6/2009,10001.35,10023.42
11/5/2009,9807.8,10005.96
11/4/2009,9767.3,9802.14
11/3/2009,9787.47,9771.91
11/2/2009,9712.13,9789.44
10/30/2009,9961.52,9712.73
10/29/2009,9762.91,9962.58
10/28/2009,9881.11,9762.69
10/27/2009,9868.34,9882.17
10/26/2009,9972.33,9867.96
10/23/2009,10099.9,9972.18
10/22/2009,9946.18,10081.31
10/21/2009,10038.84,9949.36
10/20/2009,10092.42,10041.48
10/19/2009,9996.67,10092.19
10/16/2009,10061.36,9995.91
10/15/2009,10014.88,10062.94
10/14/2009,9873.55,10015.86
10/13/2009,9883.98,9871.06
10/12/2009,9865.24,9885.8
10/9/2009,9786.04,9864.94
10/8/2009,9728.22,9786.87
10/7/2009,9725.69,9725.58
10/6/2009,9601.26,9731.25
10/5/2009,9488.73,9599.75
10/2/2009,9507.62,9487.67
10/1/2009,9711.6,9509.28
9/30/2009,9741.83,9712.28
9/29/2009,9789.74,9742.2
9/28/2009,9663.23,9789.36
9/25/2009,9706.68,9665.19
9/24/2009,9749.99,9707.44
9/23/2009,9830.63,9748.55
9/22/2009,9779.61,9829.87
9/21/2009,9818.61,9778.86
9/18/2009,9784.75,9820.2
9/17/2009,9789.82,9783.92
9/16/2009,9683.71,9791.71
9/15/2009,9626.42,9683.41
9/14/2009,9598.08,9626.8
9/11/2009,9625.44,9605.41
9/10/2009,9546.54,9627.48
9/9/2009,9496.59,9547.22
9/8/2009,9440.13,9497.34
9/4/2009,9345.36,9441.27
9/3/2009,9282.03,9344.61
9/2/2009,9306.21,9280.67
9/1/2009,9492.32,9310.6
8/31/2009,9542.91,9496.28
8/28/2009,9582.74,9544.2
8/27/2009,9541.63,9580.63
8/26/2009,9538.61,9543.52
8/25/2009,9509.21,9539.29
8/24/2009,9506.18,9509.28
8/21/2009,9347.86,9505.96
8/20/2009,9278.55,9350.05
8/19/2009,9208.68,9279.16
8/18/2009,9134.36,9217.94
8/17/2009,9313.85,9135.34
8/14/2009,9398.04,9321.4
8/13/2009,9362.29,9398.19
8/12/2009,9236.06,9361.61
8/11/2009,9334.33,9241.45
8/10/2009,9368.41,9337.95
8/7/2009,9258.45,9370.07
8/6/2009,9277.19,9256.26
8/5/2009,9315.36,9280.97
8/4/2009,9285.05,9320.19
8/3/2009,9173.65,9286.56
7/31/2009,9154.61,9171.61
7/30/2009,9072.84,9154.46
7/29/2009,9092.34,9070.72
7/28/2009,9106.92,9096.72
7/27/2009,9093.09,9108.51
7/24/2009,9066.11,9093.24
7/23/2009,8882.31,9069.29
7/22/2009,8912.39,8881.26
7/21/2009,8848.15,8915.94
7/20/2009,8746.05,8848.15
7/17/2009,8711.89,8743.94
7/16/2009,8612.66,8711.82
7/15/2009,8363.95,8616.21
7/14/2009,8331.37,8359.49
7/13/2009,8146.82,8331.68
7/10/2009,8182.49,8146.52
7/9/2009,8179.01,8183.17
7/8/2009,8157.02,8178.41
7/7/2009,8324.95,8163.6
7/6/2009,8279.3,8324.87
7/2/2009,8503,8280.74
7/1/2009,8447.53,8504.06
6/30/2009,8528.93,8447
6/29/2009,8440.13,8529.38
6/26/2009,8468.54,8438.39
6/25/2009,8299.25,8472.4
6/24/2009,8323.51,8299.86
6/23/2009,8340.44,8322.91
6/22/2009,8538.52,8339.01
6/19/2009,8556.96,8539.73
6/18/2009,8496.73,8555.6
6/17/2009,8504.36,8497.18
6/16/2009,8612.44,8504.67
6/15/2009,8798.5,8612.13
6/12/2009,8770.01,8799.26
6/11/2009,8736.23,8770.92
6/10/2009,8763.66,8739.02
6/9/2009,8764.83,8763.06
6/8/2009,8759.35,8764.49
6/5/2009,8751.75,8763.13
6/4/2009,8665.72,8750.24
6/3/2009,8740.07,8675.28
6/2/2009,8721.6,8740.87
6/1/2009,8501.53,8721.44
5/29/2009,8404.04,8500.33
5/28/2009,8300.5,8403.8
5/27/2009,8473.65,8300.02
5/26/2009,8275.33,8473.49
5/22/2009,8292.21,8277.32
5/21/2009,8416.07,8292.13
5/20/2009,8471.82,8422.04
5/19/2009,8502.48,8474.85
5/18/2009,8270.15,8504.08
5/15/2009,8326.22,8268.64
5/14/2009,8285.92,8331.32
5/13/2009,8461.8,8284.89
5/12/2009,8419.17,8469.11
5/11/2009,8569.23,8418.77
5/8/2009,8410.73,8574.65
5/7/2009,8513.56,8409.85
5/6/2009,8403.48,8512.28
5/5/2009,8425.55,8410.65
5/4/2009,8213.6,8426.74
5/1/2009,8167.41,8212.41
4/30/2009,8188.51,8168.12
4/29/2009,8018.31,8185.73
4/28/2009,8023.56,8016.95
4/27/2009,8073.82,8025
4/24/2009,7957.45,8076.29
4/23/2009,7886.81,7957.06
4/22/2009,7964.78,7886.57
4/21/2009,7841.73,7969.56
4/20/2009,8128.94,7841.73
4/17/2009,8125.43,8131.33
4/16/2009,8029.14,8125.43
4/15/2009,7914.92,8029.62
4/14/2009,8057.41,7920.18
4/13/2009,8082.02,8057.81
4/9/2009,7839.89,8083.38
4/8/2009,7788.68,7837.11
4/7/2009,7968.92,7789.56
4/6/2009,8016.16,7975.85
4/3/2009,7980.63,8017.59
4/2/2009,7763.99,7978.08
4/1/2009,7606.13,7761.6
3/31/2009,7523.77,7608.92
3/30/2009,7773.31,7522.02
3/27/2009,7922.57,7776.18
3/26/2009,7752.36,7924.56
3/25/2009,7659.81,7749.81
3/24/2009,7773.47,7659.97
3/23/2009,7279.25,7775.86
3/20/2009,7402.31,7278.38
3/19/2009,7489.68,7400.8
3/18/2009,7395.7,7486.58
3/17/2009,7218,7395.7
3/16/2009,7225.33,7216.97
3/13/2009,7167.35,7223.98
3/12/2009,6932.39,7170.06
3/11/2009,6923.13,6930.4
3/10/2009,6547.01,6926.49
3/9/2009,6625.74,6547.05
3/6/2009,6595.16,6626.94
3/5/2009,6874.01,6594.44
3/4/2009,6726.5,6875.84
3/3/2009,6764.81,6726.02
3/2/2009,7056.48,6763.29
2/27/2009,7180.97,7062.93
2/26/2009,7269.06,7182.08
2/25/2009,7349.58,7270.89
2/24/2009,7115.34,7350.94
2/23/2009,7365.99,7114.78
2/20/2009,7461.49,7365.67
2/19/2009,7555.23,7465.95
2/18/2009,7546.35,7555.63
2/17/2009,7845.63,7552.6
2/13/2009,7933,7850.41
2/12/2009,7931.97,7932.76
2/11/2009,7887.05,7939.53
2/10/2009,8269.36,7888.88
2/9/2009,8281.38,8270.87
2/6/2009,8056.38,8280.59
2/5/2009,7954.83,8063.07
2/4/2009,8070.32,7956.66
2/3/2009,7936.99,8078.36
2/2/2009,8000.62,7936.83
1/30/2009,8149.01,8000.86
1/29/2009,8373.06,8149.01
1/28/2009,8175.93,8375.45
1/27/2009,8117.39,8174.73
1/26/2009,8078.04,8116.03
1/23/2009,8108.79,8077.56
1/22/2009,8224.43,8122.8
1/21/2009,7949.17,8228.1
1/20/2009,8279.63,7949.09
1/16/2009,8215.67,8281.22
1/15/2009,8196.24,8212.49
1/14/2009,8446.01,8200.14
1/13/2009,8474.61,8448.56
1/12/2009,8599.26,8473.97
1/9/2009,8738.8,8599.18
1/8/2009,8769.94,8742.46
1/7/2009,8996.94,8769.7
1/6/2009,8954.57,9015.1
1/5/2009,9027.13,8952.89
1/2/2009,8772.25,9034.69
12/31/2008,8666.48,8776.39
12/30/2008,8487.51,8668.39
12/29/2008,8515.87,8483.93
12/26/2008,8468.71,8515.55
12/24/2008,8416.86,8468.48
12/23/2008,8518.65,8419.49
12/22/2008,8573.37,8519.77
12/19/2008,8606.5,8579.11
12/18/2008,8823.94,8604.99
12/17/2008,8921.91,8824.34
12/16/2008,8565.65,8924.14
12/15/2008,8628.81,8564.53
12/12/2008,8563.1,8629.68
12/11/2008,8750.13,8565.09
12/10/2008,8693,8761.42
12/9/2008,8934.1,8691.33
12/8/2008,8637.65,8934.18
12/5/2008,8376.08,8635.42
12/4/2008,8587.07,8376.24
12/3/2008,8409.14,8591.69
12/2/2008,8153.75,8419.09
12/1/2008,8826.89,8149.09
11/28/2008,8724.7,8829.04
11/26/2008,8464.49,8726.61
11/25/2008,8445.14,8479.47
11/24/2008,8048.09,8443.39
11/21/2008,7552.37,8046.42
11/20/2008,7995.53,7552.29
11/19/2008,8420.69,7997.28
11/18/2008,8273.34,8424.75
11/17/2008,8494.84,8273.58
11/14/2008,8822.19,8497.31
11/13/2008,8281.14,8835.25
11/12/2008,8684.52,8282.66
11/11/2008,8864.32,8693.96
11/10/2008,8946.6,8870.54
11/7/2008,8696.03,8943.81
11/6/2008,9134.01,8695.79
11/5/2008,9616.6,9139.27
11/4/2008,9323.89,9625.28
11/3/2008,9326.04,9319.83
10/31/2008,9179.09,9325.01
10/30/2008,9004.66,9180.69
10/29/2008,9062.33,8990.96
10/28/2008,8178.72,9065.12
10/27/2008,8375.92,8175.77
10/24/2008,8683.21,8378.95
10/23/2008,8519.77,8691.25
10/22/2008,9027.84,8519.21
10/21/2008,9262.8,9033.66
10/20/2008,8852.3,9265.43
10/17/2008,8975.35,8852.22
10/16/2008,8577.04,8979.26
10/15/2008,9301.91,8577.91
10/14/2008,9388.97,9310.99
10/13/2008,8462.42,9387.61
10/10/2008,8568.67,8451.19
10/9/2008,9261.69,8579.19
10/8/2008,9437.23,9258.1
10/7/2008,9955.42,9447.11
10/6/2008,10322.52,9955.5
10/3/2008,10483.96,10325.38
10/2/2008,10825.54,10482.85
10/1/2008,10847.4,10831.07
9/30/2008,10371.58,10850.66
9/29/2008,11139.62,10365.45
9/26/2008,11019.04,11143.13
9/25/2008,10827.17,11022.06
9/24/2008,10850.02,10825.17
9/23/2008,11015.69,10854.17
9/22/2008,11394.42,11015.69
9/19/2008,11027.51,11388.44
9/18/2008,10609.01,11019.69
9/17/2008,11056.58,10609.66
9/16/2008,10905.62,11059.02
9/15/2008,11416.37,10917.51
9/12/2008,11429.32,11421.99
9/11/2008,11264.44,11433.71
9/10/2008,11233.91,11268.92
9/9/2008,11514.73,11230.73
9/8/2008,11224.87,11510.74
9/5/2008,11185.63,11220.96
9/4/2008,11532.48,11188.23
9/3/2008,11506.01,11532.88
9/2/2008,11545.63,11516.92
8/29/2008,11713.23,11543.55
8/28/2008,11499.87,11715.18
8/27/2008,11412.46,11502.51
8/26/2008,11383.56,11412.87
8/25/2008,11626.19,11386.25
8/22/2008,11426.79,11628.06
8/21/2008,11415.23,11430.21
8/20/2008,11345.94,11417.43
8/19/2008,11478.09,11348.55
8/18/2008,11659.65,11479.39
8/15/2008,11611.21,11659.9
8/14/2008,11532.07,11615.93
8/13/2008,11632.81,11532.96
8/12/2008,11781.7,11642.47
8/11/2008,11729.67,11782.35
8/8/2008,11432.09,11734.32
8/7/2008,11655.42,11431.43
8/6/2008,11603.64,11656.07
8/5/2008,11286.02,11615.77
8/4/2008,11326.32,11284.15
8/1/2008,11379.89,11326.32
7/31/2008,11577.99,11378.02
7/30/2008,11397.56,11583.69
7/29/2008,11133.44,11397.56
7/28/2008,11369.47,11131.08
7/25/2008,11341.14,11370.69
7/24/2008,11630.34,11349.28
7/23/2008,11603.39,11632.38
7/22/2008,11457.9,11602.5
7/21/2008,11495.02,11467.34
7/18/2008,11436.56,11496.57
7/17/2008,11238.39,11446.66
7/16/2008,10961.89,11239.28
7/15/2008,11050.8,10962.54
7/14/2008,11103.64,11055.19
7/11/2008,11226.17,11100.54
7/10/2008,11148.01,11229.02
7/9/2008,11381.93,11147.44
7/8/2008,11225.03,11384.21
7/7/2008,11289.19,11231.96
7/3/2008,11216,11288.54
7/2/2008,11382.34,11215.51
7/1/2008,11344.64,11382.26
6/30/2008,11345.7,11350.01
6/27/2008,11452.85,11346.51
6/26/2008,11808.57,11453.42
6/25/2008,11805.31,11811.83
6/24/2008,11842.36,11807.43
6/23/2008,11843.83,11842.36
6/20/2008,12062.19,11842.69
6/19/2008,12022.54,12063.09
6/18/2008,12158.68,12029.06
6/17/2008,12269.65,12160.3
6/16/2008,12306.86,12269.08
6/13/2008,12144.59,12307.35
6/12/2008,12089.63,12141.58
6/11/2008,12286.34,12083.77
6/10/2008,12277.71,12289.76
6/9/2008,12210.13,12280.32
6/6/2008,12602.74,12209.81
6/5/2008,12388.81,12604.45
6/4/2008,12391.86,12390.48
6/3/2008,12503.2,12402.85
6/2/2008,12637.67,12503.82
5/30/2008,12647.36,12638.32
5/29/2008,12593.87,12646.22
5/28/2008,12542.9,12594.03
5/27/2008,12479.63,12548.35
5/23/2008,12620.9,12479.63
5/22/2008,12597.69,12625.62
5/21/2008,12824.94,12601.19
5/20/2008,13026.04,12828.68
5/19/2008,12985.41,13028.16
5/16/2008,12992.74,12986.8
5/15/2008,12891.29,12992.66
5/14/2008,12825.12,12898.38
5/13/2008,12872.08,12832.18
5/12/2008,12745.55,12876.31
5/9/2008,12860.68,12745.88
5/8/2008,12814.84,12866.78
5/7/2008,13010.82,12814.35
5/6/2008,12968.89,13020.83
5/5/2008,13056.57,12969.54
5/2/2008,13012.53,13058.2
5/1/2008,12818.34,13010
4/30/2008,12831.45,12820.13
4/29/2008,12870.37,12831.94
4/28/2008,12890.72,12871.75
4/25/2008,12848.38,12891.86
4/24/2008,12764.68,12848.95
4/23/2008,12721.45,12763.22
4/22/2008,12825.02,12720.23
4/21/2008,12850.91,12825.02
4/18/2008,12626.76,12849.36
4/17/2008,12617.4,12620.49
4/16/2008,12371.51,12619.27
4/15/2008,12303.6,12362.47
4/14/2008,12324.77,12302.06
4/11/2008,12579.78,12325.42
4/10/2008,12526.78,12581.98
4/9/2008,12574.65,12527.26
4/8/2008,12602.66,12576.44
4/7/2008,12612.59,12612.43
4/4/2008,12626.35,12609.42
4/3/2008,12604.69,12626.03
4/2/2008,12651.67,12605.83
4/1/2008,12266.64,12654.36
3/31/2008,12215.92,12262.89
3/28/2008,12303.92,12216.4
3/27/2008,12421.88,12302.46
3/26/2008,12531.79,12422.86
3/25/2008,12547.34,12532.6
3/24/2008,12361.97,12548.64
3/20/2008,12102.43,12361.32
3/19/2008,12391.52,12099.66
3/18/2008,11975.92,12392.66
3/17/2008,11946.45,11972.25
3/14/2008,12146.39,11951.09
3/13/2008,12096.49,12145.74
3/12/2008,12148.61,12110.24
3/11/2008,11741.33,12156.81
3/10/2008,11893.04,11740.15
3/7/2008,12039.09,11893.69
3/6/2008,12254.59,12040.39
3/5/2008,12204.93,12254.99
3/4/2008,12259.14,12213.8
3/3/2008,12264.36,12258.9
2/29/2008,12579.58,12266.39
2/28/2008,12689.28,12582.18
2/27/2008,12683.54,12694.28
2/26/2008,12569.48,12684.92
2/25/2008,12380.77,12570.22
2/22/2008,12281.09,12381.02
2/21/2008,12426.85,12284.3
2/20/2008,12333.31,12427.26
2/19/2008,12349.59,12337.22
2/15/2008,12376.66,12348.21
2/14/2008,12551.51,12376.98
2/13/2008,12368.12,12552.24
2/12/2008,12241.56,12373.41
2/11/2008,12181.89,12240.01
2/8/2008,12248.47,12182.13
2/7/2008,12196.2,12247
2/6/2008,12257.25,12200.1
2/5/2008,12631.85,12265.13
2/4/2008,12743.11,12635.16
2/1/2008,12638.17,12743.19
1/31/2008,12438.28,12650.36
1/30/2008,12480.14,12442.83
1/29/2008,12385.19,12480.3
1/28/2008,12205.71,12383.89
1/25/2008,12391.7,12207.17
1/24/2008,12272.69,12378.61
1/23/2008,11969.08,12270.17
1/22/2008,12092.72,11971.19
1/18/2008,12159.94,12099.3
1/17/2008,12467.05,12159.21
1/16/2008,12476.81,12466.16
1/15/2008,12777.5,12501.11
1/14/2008,12613.78,12778.15
1/11/2008,12850.74,12606.3
1/10/2008,12733.11,12853.09
1/9/2008,12590.21,12735.31
1/8/2008,12820.9,12589.07
1/7/2008,12801.15,12827.49
1/4/2008,13046.56,12800.18
1/3/2008,13044.12,13056.72
1/2/2008,13261.82,13043.96
12/31/2007,13364.16,13264.82
12/28/2007,13361.23,13365.87
12/27/2007,13549.17,13359.61
12/26/2007,13547.95,13551.69
12/24/2007,13450.73,13549.33
12/21/2007,13241.66,13450.65
12/20/2007,13206.46,13245.64
12/19/2007,13231.98,13207.27
12/18/2007,13168.66,13232.47
12/17/2007,13339.2,13167.2
12/14/2007,13515.11,13339.85
12/13/2007,13473.98,13517.96
12/12/2007,13434.8,13473.9
12/11/2007,13726.87,13432.77
12/10/2007,13623.55,13727.03
12/7/2007,13618.27,13625.58
12/6/2007,13445.85,13619.89
12/5/2007,13244.01,13444.96
12/4/2007,13311.24,13248.73
12/3/2007,13368.22,13314.57
11/30/2007,13314.25,13371.72
11/29/2007,13287.91,13311.73
11/28/2007,12958.04,13289.45
11/27/2007,12744.78,12958.44
11/26/2007,12979.99,12743.44
11/23/2007,12796.07,12980.88
11/21/2007,13006.65,12799.04
11/20/2007,12955.92,13010.14
11/19/2007,13176.3,12958.44
11/16/2007,13109.48,13176.79
11/15/2007,13230.68,13110.05
11/14/2007,13305.47,13231.01
11/13/2007,12975.11,13307.09
11/12/2007,13039.16,12987.55
11/9/2007,13261.17,13042.74
11/8/2007,13299.7,13266.29
11/7/2007,13646.72,13300.02
11/6/2007,13542.34,13660.94
11/5/2007,13592.58,13543.4
11/2/2007,13569.9,13595.1
11/1/2007,13924.16,13567.87
10/31/2007,13792.06,13930.01
10/30/2007,13869.04,13792.47
10/29/2007,13807.35,13870.26
10/26/2007,13675.66,13806.7
10/25/2007,13677.85,13671.92
10/24/2007,13675.58,13675.25
10/23/2007,13568.93,13676.23
10/22/2007,13521.62,13566.97
10/19/2007,13888.47,13522.02
10/18/2007,13887.9,13888.96
10/17/2007,13920.66,13892.54
10/16/2007,13986.34,13912.94
10/15/2007,14092.43,13984.8
10/12/2007,14016.34,14093.08
10/11/2007,14079.1,14015.12
10/10/2007,14165.02,14078.69
10/9/2007,14043.73,14164.53
10/8/2007,14065.36,14043.73
10/5/2007,13969.07,14066.01
10/4/2007,13967.89,13974.31
10/3/2007,14038.86,13968.05
10/2/2007,14087.14,14047.31
10/1/2007,13895.71,14087.55
9/28/2007,13912.94,13895.63
9/27/2007,13879.53,13912.94
9/26/2007,13779.3,13878.15
9/25/2007,13757.84,13778.65
9/24/2007,13821.57,13759.06
9/21/2007,13768.33,13820.19
9/20/2007,13813.52,13766.7
9/19/2007,13740.61,13815.56
9/18/2007,13403.18,13739.39
9/17/2007,13441.95,13403.42
9/14/2007,13421.39,13442.52
9/13/2007,13292.38,13424.88
9/12/2007,13298.31,13291.65
9/11/2007,13129.4,13308.39
9/10/2007,13116.39,13127.85
9/7/2007,13360.74,13113.38
9/6/2007,13306.44,13363.35
9/5/2007,13442.85,13305.47
9/4/2007,13358.39,13448.86
8/31/2007,13240.84,13357.74
8/30/2007,13287.91,13238.73
8/29/2007,13043.07,13289.29
8/28/2007,13318.43,13041.85
8/27/2007,13377.16,13322.13
8/24/2007,13231.78,13378.87
8/23/2007,13237.27,13235.88
8/22/2007,13088.26,13236.13
8/21/2007,13120.05,13090.86
8/20/2007,13078.51,13121.35
8/17/2007,12848.05,13079.08
8/16/2007,12859.52,12845.78
8/15/2007,13021.93,12861.47
8/14/2007,13235.72,13028.92
8/13/2007,13238.24,13236.53
8/10/2007,13270.59,13239.54
8/9/2007,13652.33,13270.68
8/8/2007,13497.23,13657.86
8/7/2007,13467.72,13504.3
8/6/2007,13183.13,13468.78
8/3/2007,13462.25,13181.91
8/2/2007,13357.82,13463.33
8/1/2007,13211.09,13362.37
7/31/2007,13360.66,13211.99
7/30/2007,13266.21,13358.31
7/27/2007,13472.68,13265.47
7/26/2007,13783.12,13473.57
7/25/2007,13718.25,13785.07
7/24/2007,13940.9,13716.95
7/23/2007,13851.73,13943.42
7/20/2007,14000.73,13851.08
7/19/2007,13918.79,14000.41
7/18/2007,13955.05,13918.22
7/17/2007,13951.96,13971.55
7/16/2007,13907.09,13950.98
7/13/2007,13859.86,13907.25
7/12/2007,13579.33,13861.73
7/11/2007,13500.4,13577.87
7/10/2007,13648.59,13501.7
7/9/2007,13612.66,13649.97
7/6/2007,13559.01,13611.68
7/5/2007,13576.24,13565.84
7/3/2007,13531.53,13577.3
7/2/2007,13409.6,13535.43
6/29/2007,13422.61,13408.62
6/28/2007,13427.48,13422.28
6/27/2007,13336.93,13427.73
6/26/2007,13352.37,13337.66
6/25/2007,13360.09,13352.05
6/22/2007,13545.03,13360.26
6/21/2007,13486.66,13545.84
6/20/2007,13636.56,13489.42
6/19/2007,13611.68,13635.42
6/18/2007,13639,13612.98
6/15/2007,13556.65,13639.48
6/14/2007,13482.43,13553.72
6/13/2007,13287.62,13482.35
6/12/2007,13424.39,13295.01
6/11/2007,13423.74,13424.96
6/8/2007,13267.14,13424.39
6/7/2007,13463.48,13266.73
6/6/2007,13590.66,13465.67
6/5/2007,13673.19,13595.46
6/4/2007,13667.21,13676.32
6/1/2007,13628.69,13668.11
5/31/2007,13633,13627.64
5/30/2007,13517.89,13633.08
5/29/2007,13507.28,13521.34
5/25/2007,13441.94,13507.28
5/24/2007,13522.6,13441.13
5/23/2007,13540.84,13525.65
5/22/2007,13544.99,13539.95
5/21/2007,13556.53,13542.88
5/18/2007,13476.4,13556.53
5/17/2007,13486.96,13476.72
5/16/2007,13374.13,13487.53
5/15/2007,13346.05,13383.84
5/14/2007,13325.81,13346.78
5/11/2007,13212.2,13326.22
5/10/2007,13359.05,13215.13
5/9/2007,13300.62,13362.87
5/8/2007,13309.4,13309.07
5/7/2007,13264.13,13312.97
5/4/2007,13243.08,13264.62
5/3/2007,13206.65,13241.38
5/2/2007,13133.94,13211.88
5/1/2007,13062.75,13136.14
4/30/2007,13120.21,13062.91
4/27/2007,13104.04,13120.94
4/26/2007,13088.84,13105.5
4/25/2007,12951.42,13089.89
4/24/2007,12919.64,12953.94
4/23/2007,12961.49,12919.4
4/20/2007,12811.15,12961.98
4/19/2007,12799.77,12808.63
4/18/2007,12771.08,12803.84
4/17/2007,12719.56,12773.04
4/16/2007,12611.64,12720.46
4/13/2007,12551.91,12612.13
4/12/2007,12483.64,12552.96
4/11/2007,12573.12,12484.62
4/10/2007,12568.49,12573.85
4/9/2007,12562.64,12569.14
4/5/2007,12523.22,12560.2
4/4/2007,12511.36,12530.05
4/3/2007,12379.05,12510.3
4/2/2007,12354.52,12382.3
3/30/2007,12348.91,12354.35
3/29/2007,12301.48,12348.75
3/28/2007,12396.49,12300.36
3/27/2007,12468.59,12397.29
3/26/2007,12480.37,12469.07
3/23/2007,12460.5,12481.01
3/22/2007,12446.72,12461.14
3/21/2007,12288.98,12447.52
3/20/2007,12226.81,12288.1
3/19/2007,12110.41,12226.17
3/16/2007,12160.16,12110.41
3/15/2007,12133.16,12159.68
3/14/2007,12074.52,12133.4
3/13/2007,12307.49,12075.96
3/12/2007,12275.68,12318.62
3/9/2007,12262.06,12276.32
3/8/2007,12193.33,12260.7
3/7/2007,12204.46,12192.45
3/6/2007,12051.17,12207.59
3/5/2007,12111.61,12050.41
3/2/2007,12233.78,12114.1
3/1/2007,12265.59,12234.34
2/28/2007,12214.92,12268.63
2/27/2007,12628.9,12216.24
2/26/2007,12647.88,12632.26
2/23/2007,12679.89,12647.48
2/22/2007,12735.77,12686.02
2/21/2007,12782.87,12738.41
2/20/2007,12766.85,12786.64
2/16/2007,12764.13,12767.57
2/15/2007,12741.7,12765.01
2/14/2007,12651.29,12741.86
2/13/2007,12549.19,12654.85
2/12/2007,12580.11,12552.55
2/9/2007,12638.03,12580.83
2/8/2007,12665.67,12637.63
2/7/2007,12656.86,12666.87
2/6/2007,12661.66,12666.31
2/5/2007,12653.41,12661.74
2/2/2007,12673.84,12653.49
2/1/2007,12617.2,12673.68
1/31/2007,12520.03,12621.69
1/30/2007,12492.23,12523.31
1/29/2007,12487.1,12490.78
1/26/2007,12503.28,12487.02
1/25/2007,12621.77,12502.56
1/24/2007,12534.37,12621.77
1/23/2007,12477.81,12533.8
1/22/2007,12566.33,12477.16
1/19/2007,12567.93,12565.53
1/18/2007,12575.06,12567.93
1/17/2007,12571.46,12577.15
1/16/2007,12555.84,12582.59
1/12/2007,12514.66,12556.08
1/11/2007,12442.96,12514.98
1/10/2007,12417,12442.16
1/9/2007,12424.77,12416.6
1/8/2007,12392.01,12423.49
1/5/2007,12480.05,12398.01
1/4/2007,12473.16,12480.69
1/3/2007,12459.54,12474.52
1/1/2007,13264.82,13264.82
12/29/2006,12500.48,12463.15
12/28/2006,12510.57,12501.52
12/27/2006,12408.43,12510.57
12/26/2006,12341.94,12407.63
12/22/2006,12413.08,12343.22
12/21/2006,12461.62,12421.25
12/20/2006,12471.32,12463.87
12/19/2006,12439.51,12471.32
12/18/2006,12446.24,12441.27
12/15/2006,12417.96,12445.52
12/14/2006,12317.5,12416.76
12/13/2006,12312.71,12317.5
12/12/2006,12328.24,12315.58
12/11/2006,12306.21,12328.48
12/8/2006,12278.41,12307.49
12/7/2006,12310.13,12278.41
12/6/2006,12328.72,12309.25
12/5/2006,12283.69,12331.6
12/4/2006,12195.57,12283.85
12/1/2006,12220.97,12194.13
11/30/2006,12226.73,12221.93
11/29/2006,12134.4,12226.73
11/28/2006,12118.94,12136.45
11/27/2006,12279.13,12121.71
11/24/2006,12321.71,12280.17
11/22/2006,12321.91,12326.95
11/21/2006,12312.13,12321.59
11/20/2006,12340.71,12316.54
11/17/2006,12304.62,12342.56
11/16/2006,12250.05,12305.82
11/15/2006,12214.37,12251.71
11/14/2006,12132.44,12218.01
11/13/2006,12097.7,12131.88
11/10/2006,12102.74,12108.43
11/9/2006,12174.7,12103.3
11/8/2006,12147.38,12176.54
11/7/2006,12104.75,12156.77
11/6/2006,11985.16,12105.55
11/3/2006,12018.3,11986.04
11/2/2006,12023.98,12018.54
11/1/2006,12080.25,12031.02
10/31/2006,12086.18,12080.73
10/30/2006,12089.14,12086.5
10/27/2006,12164.78,12090.26
10/26/2006,12134.84,12163.66
10/25/2006,12127.24,12134.68
10/24/2006,12116.51,12127.88
10/23/2006,12001.33,12116.91
10/20/2006,12013.01,12002.37
10/19/2006,11988.92,12011.73
10/18/2006,11947.62,11992.68
10/17/2006,11977.4,11950.02
10/16/2006,11961.31,11980.6
10/13/2006,11947.22,11960.51
10/12/2006,11854.13,11947.7
10/11/2006,11865.49,11852.13
10/10/2006,11857.73,11867.17
10/9/2006,11849.56,11857.81
10/6/2006,11865.49,11850.21
10/5/2006,11844.38,11866.69
10/4/2006,11722.94,11850.61
10/3/2006,11670.11,11727.34
10/2/2006,11678.99,11670.35
9/29/2006,11718.05,11679.07
9/28/2006,11689.4,11718.45
9/27/2006,11670.19,11689.24
9/26/2006,11575.73,11669.39
9/25/2006,11509.3,11575.81
9/22/2006,11532.91,11508.1
9/21/2006,11611.67,11533.23
9/20/2006,11542.28,11613.19
9/19/2006,11554.6,11540.91
9/18/2006,11559.97,11555
9/15/2006,11528.75,11560.77
9/14/2006,11543.4,11527.39
9/13/2006,11487.69,11543.32
9/12/2006,11396.12,11498.09
9/11/2006,11389.87,11396.84
9/8/2006,11332.24,11392.11
9/7/2006,11405.16,11331.44
9/6/2006,11466.23,11406.2
9/5/2006,11461.83,11469.28
9/1/2006,11382.75,11464.15
8/31/2006,11383.47,11381.15
8/30/2006,11365.98,11382.91
8/29/2006,11352.65,11369.94
8/28/2006,11285.33,11352.01
8/25/2006,11301.22,11284.05
8/24/2006,11297.82,11304.46
8/23/2006,11337.12,11297.9
8/22/2006,11344.41,11339.84
8/21/2006,11380.67,11345.05
8/18/2006,11333.76,11381.47
8/17/2006,11327.36,11334.96
8/16/2006,11224.91,11327.12
8/15/2006,11098.03,11230.26
8/14/2006,11089.07,11097.87
8/11/2006,11121.16,11088.03
8/10/2006,11073.14,11124.37
8/9/2006,11168.47,11076.18
8/8/2006,11218.18,11173.59
8/7/2006,11239.47,11219.38
8/4/2006,11244.59,11240.35
8/3/2006,11195.28,11242.59
8/2/2006,11125.57,11199.93
8/1/2006,11184.8,11125.73
7/31/2006,11218.9,11185.68
7/28/2006,11102.11,11219.7
7/27/2006,11104.19,11100.43
7/26/2006,11102.91,11102.51
7/25/2006,11051.05,11103.71
7/24/2006,10868.7,11051.05
7/21/2006,10937.94,10868.38
7/20/2006,11007.26,10928.1
7/19/2006,10797.39,11011.42
7/18/2006,10745.84,10799.23
7/17/2006,10739.35,10747.36
7/14/2006,10846.53,10739.35
7/13/2006,11012.62,10846.29
7/12/2006,11133.97,11013.18
7/11/2006,11102.59,11134.77
7/10/2006,11091.71,11103.55
7/7/2006,11224.18,11090.67
7/6/2006,11147.12,11225.3
7/5/2006,11225.06,11151.82
7/3/2006,11149.34,11228.02
6/30/2006,11190.8,11150.22
6/29/2006,10974.36,11190.8
6/28/2006,10925.3,10973.56
6/27/2006,11048.24,10924.74
6/26/2006,10990.29,11045.28
6/23/2006,11019.19,10989.09
6/22/2006,11077.78,11019.11
6/21/2006,10975.24,11079.46
6/20/2006,10942.03,10974.84
6/19/2006,11014.87,10942.11
6/16/2006,11014.38,11014.55
6/15/2006,10817.48,11015.19
6/14/2006,10706.78,10816.92
6/13/2006,10783.14,10706.14
6/12/2006,10892,10792.58
6/9/2006,10939.14,10891.92
6/8/2006,10929.7,10938.82
6/7/2006,11002.06,10930.9
6/6/2006,11048.24,11002.14
6/5/2006,11247.55,11048.72
6/2/2006,11260.52,11247.87
6/1/2006,11169.03,11260.28
5/31/2006,11091.15,11168.31
5/30/2006,11277.25,11094.43
5/26/2006,11211.69,11278.61
5/25/2006,11114.96,11211.05
5/24/2006,11100.11,11117.32
5/23/2006,11126.29,11098.35
5/22/2006,11143.42,11125.33
5/19/2006,11124.37,11144.06
5/18/2006,11206.17,11128.29
5/17/2006,11410.13,11205.61
5/16/2006,11428.21,11419.89
5/15/2006,11380.43,11428.77
5/12/2006,11500.01,11380.99
5/11/2006,11639.29,11500.73
5/10/2006,11630.48,11642.65
5/9/2006,11584.62,11639.77
5/8/2006,11576.37,11584.54
5/5/2006,11440.62,11577.74
5/4/2006,11401.8,11438.86
5/3/2006,11414.69,11400.28
5/2/2006,11345.21,11416.45
5/1/2006,11367.78,11343.29
4/28/2006,11358.33,11367.14
4/27/2006,11349.53,11382.51
4/26/2006,11283.25,11354.49
4/25/2006,11336.56,11283.25
4/24/2006,11346.81,11336.32
4/21/2006,11343.45,11347.45
4/20/2006,11278.53,11342.89
4/19/2006,11265.4,11278.77
4/18/2006,11074.58,11268.77
4/17/2006,11137.33,11073.78
4/13/2006,11130.13,11137.65
4/12/2006,11089.47,11129.97
4/11/2006,11141.33,11089.63
4/10/2006,11119.88,11141.33
4/7/2006,11217.14,11120.04
4/6/2006,11233.01,11216.5
4/5/2006,11239.55,11239.55
4/4/2006,11203.21,11203.85
4/3/2006,11113,11144.94
3/31/2006,11151.34,11109.32
3/30/2006,11216.34,11150.7
3/29/2006,11154.94,11215.7
3/28/2006,11250.11,11154.54
3/27/2006,11280.13,11250.11
3/24/2006,11270.61,11279.97
3/23/2006,11317.35,11270.29
3/22/2006,11234.51,11317.43
3/21/2006,11275.89,11235.47
3/20/2006,11278.93,11274.53
3/17/2006,11254.12,11279.65
3/16/2006,11210.97,11253.24
3/15/2006,11149.76,11209.77
3/14/2006,11076.02,11151.34
3/13/2006,11067.61,11076.02
3/10/2006,10972.92,11076.34
3/9/2006,11005.66,10972.28
3/8/2006,10977.08,11005.74
3/7/2006,10957.31,10980.69
3/6/2006,11022.47,10958.59
3/3/2006,11024.23,11021.59
3/2/2006,11052.57,11025.51
3/1/2006,10993.25,11053.53
2/28/2006,11096.75,10993.41
2/27/2006,11062.81,11097.55
2/24/2006,11065.77,11061.85
2/23/2006,11133.52,11069.22
2/22/2006,11065.29,11137.17
2/21/2006,11115.48,11069.06
2/17/2006,11119.56,11115.32
2/16/2006,11059.05,11120.68
2/15/2006,11025.67,11058.97
2/14/2006,10890.72,11028.39
2/13/2006,10915.21,10892.32
2/10/2006,10883.51,10919.05
2/9/2006,10859.42,10883.35
2/8/2006,10742.16,10858.62
2/7/2006,10796.42,10749.76
2/6/2006,10793.3,10798.27
2/3/2006,10849.57,10793.62
2/2/2006,10950.11,10851.98
2/1/2006,10862.14,10953.95
1/31/2006,10900.4,10864.86
1/30/2006,10908.49,10899.92
1/27/2006,10815.32,10907.21
1/26/2006,10711.02,10809.47
1/25/2006,10713.26,10709.74
1/24/2006,10690.21,10712.22
1/23/2006,10668.75,10688.77
1/20/2006,10880.71,10667.39
1/19/2006,10855.18,10880.71
1/18/2006,10890.08,10854.86
1/17/2006,10957.55,10896.32
1/13/2006,10961.48,10959.87
1/12/2006,11043.12,10962.36
1/11/2006,11011.66,11043.44
1/10/2006,11010.46,11011.58
1/9/2006,10959.47,11011.9
1/6/2006,10875.45,10959.31
1/5/2006,10880.39,10882.15
1/4/2006,10843.97,10880.15
1/3/2006,10718.3,10847.41
12/30/2005,10783.86,10717.5
12/29/2005,10795.7,10784.82
12/28/2005,10778.25,10796.26
12/27/2005,10883.75,10777.77
12/23/2005,10883.27,10883.27
12/22/2005,10831.56,10889.44
12/21/2005,10805.63,10833.73
12/20/2005,10836.93,10805.55
12/19/2005,10875.51,10836.53
12/16/2005,10881.67,10875.59
12/15/2005,10883.43,10881.67
12/14/2005,10821.32,10883.51
12/13/2005,10765.69,10823.72
12/12/2005,10778.66,10767.77
12/9/2005,10751.76,10778.58
12/8/2005,10808.43,10755.12
12/7/2005,10856.86,10810.91
12/6/2005,10835.41,10856.86
12/5/2005,10876.95,10835.01
12/2/2005,10912.01,10877.51
12/1/2005,10806.03,10912.57
11/30/2005,10883.91,10805.87
11/29/2005,10888.48,10888.16
11/28/2005,10932.74,10890.72
11/25/2005,10915.13,10931.62
11/23/2005,10871.43,10916.09
11/22/2005,10815.96,10871.43
11/21/2005,10766.33,10820.28
11/18/2005,10719.34,10766.33
11/17/2005,10677,10720.22
11/16/2005,10683.03,10674.76
11/15/2005,10697.01,10686.44
11/14/2005,10686.6,10697.17
11/11/2005,10641.3,10686.04
11/10/2005,10541.16,10640.1
11/9/2005,10539.24,10546.21
11/8/2005,10574.18,10539.72
11/7/2005,10531.24,10586.23
11/4/2005,10523.23,10530.76
11/3/2005,10470.49,10522.59
11/2/2005,10406.29,10472.73
11/1/2005,10437.51,10406.77
10/31/2005,10403.17,10440.07
10/28/2005,10231.15,10402.77
10/27/2005,10344.74,10229.95
10/26/2005,10377.39,10344.98
10/25/2005,10383.88,10377.87
10/24/2005,10216.11,10385
10/21/2005,10282.22,10215.22
10/20/2005,10411.73,10281.1
10/19/2005,10277.18,10414.13
10/18/2005,10349.14,10285.26
10/17/2005,10287.42,10348.1
10/14/2005,10216.59,10287.34
10/13/2005,10216.91,10216.59
10/12/2005,10253.81,10216.91
10/11/2005,10239.16,10253.17
10/10/2005,10292.95,10238.76
10/7/2005,10287.42,10292.31
10/6/2005,10317.36,10287.1
10/5/2005,10434.81,10317.36
10/4/2005,10534.36,10441.11
10/3/2005,10569.5,10535.48
9/30/2005,10552.7,10568.7
9/29/2005,10472.61,10552.78
9/28/2005,10456.61,10473.09
9/27/2005,10444.58,10456.21
9/26/2005,10420.22,10443.63
9/23/2005,10421.81,10419.59
9/22/2005,10376.2,10422.05
9/21/2005,10484.23,10378.03
9/20/2005,10558.19,10481.52
9/19/2005,10641.87,10557.63
9/16/2005,10560.5,10641.94
9/15/2005,10545.85,10558.75
9/14/2005,10597.52,10544.9
9/13/2005,10673.71,10597.44
9/12/2005,10678.41,10682.94
9/9/2005,10594.1,10678.56
9/8/2005,10633.11,10595.93
9/7/2005,10588.68,10633.5
9/6/2005,10447.69,10589.24
9/2/2005,10460.67,10447.37
9/1/2005,10481.44,10459.63
8/31/2005,10409.08,10481.6
8/30/2005,10461.54,10412.82
8/29/2005,10396.9,10463.05
8/26/2005,10450.95,10397.29
8/25/2005,10434.39,10450.63
8/24/2005,10519.34,10434.87
8/23/2005,10571.01,10519.58
8/22/2005,10559.78,10569.89
8/19/2005,10552.7,10559.23
8/18/2005,10549.75,10554.93
8/17/2005,10505.6,10550.71
8/16/2005,10631.59,10513.45
8/15/2005,10599.19,10634.38
8/12/2005,10682.7,10600.31
8/11/2005,10591.83,10685.89
8/10/2005,10606.52,10594.41
8/9/2005,10537.65,10615.67
8/8/2005,10557.24,10536.93
8/5/2005,10610.34,10558.03
8/4/2005,10696.8,10610.1
8/3/2005,10681.51,10697.59
8/2/2005,10623.79,10683.74
8/1/2005,10641.78,10623.15
7/29/2005,10705.16,10640.91
7/28/2005,10633.5,10705.55
7/27/2005,10579.45,10637.09
7/26/2005,10597.6,10579.77
7/25/2005,10651.66,10596.48
7/22/2005,10624.19,10651.18
7/21/2005,10690.03,10627.77
7/20/2005,10629.52,10689.15
7/19/2005,10576.9,10646.56
7/18/2005,10640.19,10574.99
7/15/2005,10629.44,10640.83
7/14/2005,10559.86,10628.89
7/13/2005,10513.36,10557.39
7/12/2005,10519.49,10513.89
7/11/2005,10449.6,10519.72
7/8/2005,10302.9,10449.14
7/7/2005,10269.76,10302.29
7/6/2005,10366.52,10270.68
7/5/2005,10303.13,10371.8
7/1/2005,10273.59,10303.44
6/30/2005,10374.18,10274.97
6/29/2005,10405.94,10374.48
6/28/2005,10291.01,10405.63
6/27/2005,10298.07,10290.78
6/24/2005,10422.28,10297.84
6/23/2005,10587.09,10421.44
6/22/2005,10599.36,10587.93
6/21/2005,10608.88,10599.67
6/20/2005,10621.54,10609.11
6/17/2005,10580.41,10623.07
6/16/2005,10566.76,10578.65
6/15/2005,10548.65,10566.37
6/14/2005,10521.95,10547.57
6/13/2005,10503.57,10522.56
6/10/2005,10503.02,10512.63
6/9/2005,10477.75,10503.02
6/8/2005,10484.84,10476.86
6/7/2005,10466,10483.07
6/6/2005,10461.64,10467.03
6/3/2005,10552.82,10460.97
6/2/2005,10548.83,10553.49
6/1/2005,10462.86,10549.87
5/31/2005,10541.89,10467.48
5/27/2005,10537.08,10542.55
5/26/2005,10458.68,10537.6
5/25/2005,10503.17,10457.8
5/24/2005,10522.68,10503.68
5/23/2005,10472.8,10523.56
5/20/2005,10492.75,10471.91
5/19/2005,10464.45,10493.19
5/18/2005,10323.19,10464.45
5/17/2005,10247.49,10331.88
5/16/2005,10139.61,10252.29
5/13/2005,10188.23,10140.12
5/12/2005,10299.74,10189.48
5/11/2005,10272.91,10300.25
5/10/2005,10382.94,10281.11
5/9/2005,10345.4,10384.34
5/6/2005,10339.71,10345.4
5/5/2005,10384.49,10340.38
5/4/2005,10255.25,10384.64
5/3/2005,10251.04,10256.95
5/2/2005,10192,10251.7
4/29/2005,10073.47,10192.51
4/28/2005,10194.58,10070.37
4/27/2005,10150.32,10198.8
4/26/2005,10240.99,10151.13
4/25/2005,10158.52,10242.47
4/22/2005,10216.68,10157.71
4/21/2005,10010.51,10218.6
4/20/2005,10131.18,10012.36
4/19/2005,10071.55,10127.41
4/18/2005,10088.54,10071.25
4/15/2005,10276.61,10087.51
4/14/2005,10403.71,10278.75
4/13/2005,10507.45,10403.93
4/12/2005,10448.63,10507.97
4/11/2005,10462.08,10448.56
4/8/2005,10546.32,10461.34
4/7/2005,10485.88,10546.32
4/6/2005,10453.45,10486.02
4/5/2005,10421.14,10458.46
4/4/2005,10401.71,10421.14
4/1/2005,10504.57,10404.3
3/31/2005,10541.59,10503.76
3/30/2005,10405.77,10540.93
3/29/2005,10486.1,10405.7
3/28/2005,10444.13,10485.65
3/24/2005,10457.06,10442.87
3/23/2005,10456.02,10456.02
3/22/2005,10565.39,10470.51
3/21/2005,10629.9,10565.39
3/18/2005,10627.83,10629.67
3/17/2005,10633.3,10626.35
3/16/2005,10741.63,10633.07
3/15/2005,10804.29,10745.1
3/14/2005,10773.92,10804.51
3/11/2005,10845.3,10774.36
3/10/2005,10806.28,10851.51
3/9/2005,10912.32,10805.62
3/8/2005,10935.6,10912.62
3/7/2005,10940.55,10936.86
3/4/2005,10834.51,10940.55
3/3/2005,10812.27,10833.03
3/2/2005,10825.68,10811.97
3/1/2005,10769.04,10830
2/28/2005,10842.05,10766.23
2/25/2005,10748.42,10841.6
2/24/2005,10672.24,10748.79
2/23/2005,10609.28,10673.79
2/22/2005,10783.38,10611.2
2/18/2005,10755.15,10785.22
2/17/2005,10835.03,10754.26
2/16/2005,10832.03,10834.88
2/15/2005,10791.06,10837.32
2/14/2005,10795.72,10791.13
2/11/2005,10742.92,10796.01
2/10/2005,10665,10749.61
2/9/2005,10717.76,10664.11
2/8/2005,10712.51,10724.63
2/7/2005,10715.76,10715.76
2/4/2005,10593.17,10716.13
2/3/2005,10592.21,10593.1
2/2/2005,10551.05,10596.79
2/1/2005,10489.72,10551.94
1/31/2005,10428.76,10489.94
1/28/2005,10470.58,10427.2
1/27/2005,10498.14,10467.4
1/26/2005,10463.19,10498.59
1/25/2005,10369.42,10461.56
1/24/2005,10393.58,10368.61
1/21/2005,10471.98,10392.99
1/20/2005,10538.9,10471.47
1/19/2005,10626.05,10539.97
1/18/2005,10554.23,10628.79
1/14/2005,10506.71,10558
1/13/2005,10617.41,10505.83
1/12/2005,10561.32,10617.78
1/11/2005,10619.77,10556.22
1/10/2005,10603.44,10621.03
1/7/2005,10624.8,10603.96
1/6/2005,10593.19,10622.88
1/5/2005,10629.53,10597.83
1/4/2005,10727.81,10630.78
1/3/2005,10783.75,10729.43
12/31/2004,10800.3,10783.01
12/30/2004,10829.12,10800.3
12/29/2004,10853.72,10829.19
12/28/2004,10776.06,10854.54
12/27/2004,10828.01,10776.13
12/23/2004,10815,10827.12
12/22/2004,10752.34,10815.89
12/21/2004,10661.89,10759.43
12/20/2004,10652.14,10661.6
12/17/2004,10704.83,10649.92
12/16/2004,10691.71,10705.64
12/15/2004,10675.71,10691.45
12/14/2004,10640.53,10676.45
12/13/2004,10543.44,10638.32
12/10/2004,10552.16,10543.22
12/9/2004,10492.45,10552.82
12/8/2004,10438.77,10494.23
12/7/2004,10546.8,10440.58
12/6/2004,10591.32,10547.06
12/3/2004,10597.9,10592.21
12/2/2004,10590.44,10585.12
12/1/2004,10425.8,10590.22
11/30/2004,10475.27,10428.02
11/29/2004,10520.64,10475.9
11/26/2004,10518.69,10522.23
11/24/2004,10493.86,10520.31
11/23/2004,10486.69,10492.6
11/22/2004,10455.73,10489.42
11/19/2004,10571.63,10456.91
11/18/2004,10549.2,10572.55
11/17/2004,10481.83,10549.57
11/16/2004,10549.79,10487.65
11/15/2004,10541.89,10550.24
11/12/2004,10469.21,10539.01
11/11/2004,10386.95,10469.84
11/10/2004,10378.59,10385.48
11/9/2004,10387.62,10386.37
11/8/2004,10385.15,10391.31
11/5/2004,10317.05,10387.54
11/4/2004,10132.48,10314.76
11/3/2004,10037.5,10137.05
11/2/2004,10053.87,10035.73
11/1/2004,10028.73,10054.39
10/29/2004,10004.69,10027.47
10/28/2004,9998.94,10004.54
10/27/2004,9888.25,10002.03
10/26/2004,9750.59,9888.48
10/25/2004,9757.22,9749.99
10/22/2004,9863.85,9757.81
10/21/2004,9884.65,9865.76
10/20/2004,9895.19,9886.93
10/19/2004,9958.38,9897.62
10/18/2004,9932.98,9956.32
10/15/2004,9895.63,9933.38
10/14/2004,10002.54,9894.45
10/13/2004,10085.21,10002.33
10/12/2004,10080.42,10077.18
10/11/2004,10056.09,10081.97
10/8/2004,10124.11,10055.2
10/7/2004,10239.84,10125.4
10/6/2004,10170.7,10239.92
10/5/2004,10177.68,10177.68
10/4/2004,10216.76,10216.54
10/1/2004,10082.04,10192.65
9/30/2004,10136.38,10080.27
9/29/2004,10078.06,10136.24
9/28/2004,9989.73,10077.4
9/27/2004,10046.65,9988.54
9/24/2004,10039.42,10047.24
9/23/2004,10108.29,10038.9
9/22/2004,10244.05,10109.18
9/21/2004,10204.52,10244.93
9/20/2004,10283.87,10204.89
9/17/2004,10245.82,10284.46
9/16/2004,10231.59,10244.49
9/15/2004,10316.9,10231.36
9/14/2004,10315.13,10318.16
9/13/2004,10306.65,10314.76
9/10/2004,10289.47,10313.07
9/9/2004,10314.69,10289.1
9/8/2004,10342.42,10313.36
9/7/2004,10261.52,10342.79
9/3/2004,10277.82,10260.2
9/2/2004,10168.39,10290.28
9/1/2004,10170.12,10168.46
8/31/2004,10121.97,10173.92
8/30/2004,10193.83,10122.52
8/27/2004,10174.07,10195.01
8/26/2004,10181.07,10173.41
8/25/2004,10098.49,10181.74
8/24/2004,10074.89,10098.63
8/23/2004,10111.1,10073.05
8/20/2004,10040.81,10110.14
8/19/2004,10082.78,10040.82
8/18/2004,9964.22,10083.15
8/17/2004,9955.5,9972.83
8/16/2004,9825.35,9954.55
8/13/2004,9814.11,9825.35
8/12/2004,9936.48,9814.59
8/11/2004,9931.24,9938.32
8/10/2004,9815.55,9944.67
8/9/2004,9816.14,9814.66
8/6/2004,9960.67,9815.33
8/5/2004,10127.1,9963.03
8/4/2004,10117.96,10126.51
8/3/2004,10178.27,10120.24
8/2/2004,10138.45,10179.16
7/30/2004,10129.12,10139.71
7/29/2004,10115.52,10129.24
7/28/2004,10084.03,10117.07
7/27/2004,9963.54,10085.14
7/26/2004,9964.71,9961.92
7/23/2004,10045.46,9962.22
7/22/2004,10047.6,10050.33
7/21/2004,10156.3,10046.13
7/20/2004,10094.43,10149.07
7/19/2004,10140.95,10094.06
7/16/2004,10162.34,10139.78
7/15/2004,10208.2,10163.16
7/14/2004,10232.84,10208.8
7/13/2004,10238.37,10247.59
7/12/2004,10211.75,10238.22
7/9/2004,10173.12,10213.22
7/8/2004,10238.52,10171.56
7/7/2004,10211.92,10240.29
7/6/2004,10280.26,10219.34
7/2/2004,10334,10282.83
7/1/2004,10434,10334.16
6/30/2004,10413.43,10435.48
6/29/2004,10356.35,10413.43
6/28/2004,10377.52,10357.09
6/25/2004,10444.24,10371.84
6/24/2004,10477.43,10443.81
6/23/2004,10395.14,10479.57
6/22/2004,10370.21,10395.07
6/21/2004,10417.82,10371.47
6/18/2004,10375.82,10416.41
6/17/2004,10378.59,10377.52
6/16/2004,10380.23,10379.58
6/15/2004,10336.51,10380.43
6/14/2004,10401.23,10334.73
6/10/2004,10367.8,10410.1
6/9/2004,10431.1,10368.44
6/8/2004,10389.41,10432.52
6/7/2004,10243.31,10391.08
6/4/2004,10196.83,10242.82
6/3/2004,10261.85,10195.91
6/2/2004,10199.78,10262.97
6/1/2004,10187.18,10202.65
5/28/2004,10205.83,10188.45
5/27/2004,10109.89,10205.2
5/26/2004,10116.84,10109.89
5/25/2004,9958.08,10117.62
5/24/2004,9968.02,9958.43
5/21/2004,9939.34,9966.74
5/20/2004,9939.12,9937.64
5/19/2004,9962.55,9937.71
5/18/2004,9906.71,9968.51
5/17/2004,10009.92,9906.91
5/14/2004,10008.43,10012.87
5/13/2004,10044.31,10010.74
5/12/2004,10011.52,10045.16
5/11/2004,9989.24,10019.47
5/10/2004,10116.28,9990.02
5/7/2004,10240.62,10117.34
5/6/2004,10308.2,10241.26
5/5/2004,10316.98,10310.95
5/4/2004,10314.32,10317.2
5/3/2004,10227.27,10314
4/30/2004,10273.06,10225.57
4/29/2004,10339.41,10272.27
4/28/2004,10476.67,10342.6
4/27/2004,10445.38,10478.16
4/26/2004,10472.91,10444.73
4/23/2004,10463.11,10472.84
4/22/2004,10314.99,10461.2
4/21/2004,10311.87,10317.27
4/20/2004,10437.85,10314.5
4/19/2004,10451.62,10437.85
4/16/2004,10398.32,10451.97
4/15/2004,10377.95,10397.46
4/14/2004,10378.1,10377.95
4/13/2004,10516.05,10381.28
4/12/2004,10444.38,10515.56
4/9/2004,10482.77,10442.03
4/8/2004,10482.77,10442.03
4/7/2004,10569.26,10480.15
4/6/2004,10553.76,10570.81
4/5/2004,10470.59,10558.37
4/2/2004,10375.33,10470.59
4/1/2004,10357.52,10373.33
3/31/2004,10380.89,10357.7
3/30/2004,10327.63,10381.7
3/29/2004,10212.91,10329.63
3/26/2004,10218.37,10212.97
3/25/2004,10049.56,10218.82
3/24/2004,10065.41,10048.23
3/23/2004,10066.67,10063.64
3/22/2004,10185.93,10064.75
3/19/2004,10295.85,10186.6
3/18/2004,10298.96,10295.78
3/17/2004,10184.3,10300.3
3/16/2004,10103.41,10184.67
3/15/2004,10238.45,10102.89
3/12/2004,10130.67,10240.08
3/11/2004,10288.85,10128.38
3/10/2004,10457.59,10296.89
3/9/2004,10529.52,10456.96
3/8/2004,10595.37,10529.48
3/5/2004,10582.59,10595.55
3/4/2004,10593.48,10588
3/3/2004,10588.59,10593.11
3/2/2004,10678.36,10591.48
3/1/2004,10582.25,10678.14
2/27/2004,10581.55,10583.92
2/26/2004,10598.14,10580.14
2/25/2004,10566.59,10601.62
2/24/2004,10609.55,10566.37
2/23/2004,10619.55,10609.62
2/20/2004,10666.29,10619.03
2/19/2004,10674.59,10664.73
2/18/2004,10706.68,10671.99
2/17/2004,10628.88,10714.88
2/13/2004,10696.22,10627.85
2/12/2004,10735.18,10694.07
2/11/2004,10605.48,10737.7
2/10/2004,10578.74,10613.85
2/9/2004,10592,10579.03
2/6/2004,10494.89,10593.03
2/5/2004,10469.33,10495.55
2/4/2004,10503.11,10470.74
2/3/2004,10499.48,10505.18
2/2/2004,10487.78,10499.18
1/30/2004,10510.22,10488.07
1/29/2004,10467.41,10510.29
1/28/2004,10610.07,10468.37
1/27/2004,10701.1,10609.92
1/26/2004,10568,10702.51
1/23/2004,10625.25,10568.29
1/22/2004,10624.22,10623.18
1/21/2004,10522.77,10623.62
1/20/2004,10601.4,10528.66
1/16/2004,10556.37,10600.51
1/15/2004,10534.52,10553.85
1/14/2004,10428.67,10538.37
1/13/2004,10485.18,10427.18
1/12/2004,10461.55,10485.18
1/9/2004,10589.25,10458.89
1/8/2004,10530.07,10592.44
1/7/2004,10535.46,10529.03
1/6/2004,10543.85,10538.66
1/5/2004,10411.85,10544.07
1/2/2004,10452.74,10409.85
12/30/2003,10449.7,10425.04
12/29/2003,10321.35,10450
12/26/2003,10305.85,10324.67
12/24/2003,10341.41,10305.19
12/23/2003,10337.56,10341.26
12/22/2003,10276.48,10338
12/19/2003,10249.48,10278.22
12/18/2003,10141.41,10248.08
12/17/2003,10128.75,10145.26
12/16/2003,10023.34,10129.56
12/15/2003,10046.53,10022.82
12/12/2003,10008.75,10042.16
12/11/2003,9922.45,10008.16
12/10/2003,9922.38,9921.86
12/9/2003,9966.45,9923.42
12/8/2003,9862.01,9965.27
12/5/2003,9923.27,9862.68
12/4/2003,9874.83,9930.82
12/3/2003,9851.94,9873.42
12/2/2003,9899.64,9853.64
12/1/2003,9785.35,9899.05
11/28/2003,9779.72,9782.46
11/26/2003,9763.49,9779.57
11/25/2003,9748.68,9763.94
11/24/2003,9629.87,9747.79
11/21/2003,9622.02,9628.53
11/20/2003,9688.46,9619.42
11/19/2003,9620.68,9690.46
11/18/2003,9711.44,9624.16
11/17/2003,9765.64,9710.83
11/14/2003,9836.46,9768.68
11/13/2003,9846.97,9837.94
11/12/2003,9729.5,9848.83
11/11/2003,9756.53,9737.79
11/10/2003,9807.49,9756.53
11/7/2003,9857.12,9809.79
11/6/2003,9820.68,9856.97
11/5/2003,9837.64,9820.83
11/4/2003,9857.49,9838.83
11/3/2003,9802.46,9858.46
10/31/2003,9786.75,9801.12
10/30/2003,9772.01,9786.61
10/29/2003,9747.05,9774.53
10/28/2003,9609.72,9748.31
10/27/2003,9584.54,9608.16
10/24/2003,9600.98,9582.46
10/23/2003,9597.2,9613.13
10/22/2003,9741.98,9598.24
10/21/2003,9778.31,9747.64
10/20/2003,9721.5,9777.94
10/17/2003,9791.86,9721.79
10/16/2003,9798.68,9791.72
10/15/2003,9824.09,9803.05
10/14/2003,9763.27,9812.98
10/13/2003,9675.72,9764.38
10/10/2003,9682.9,9674.68
10/9/2003,9633.35,9680.01
10/8/2003,9653.33,9630.9
10/7/2003,9593.28,9654.61
10/6/2003,9572.39,9594.98
10/3/2003,9492.54,9572.31
10/2/2003,9464.76,9487.8
10/1/2003,9276.8,9469.2
9/30/2003,9378.1,9275.06
9/29/2003,9314.42,9380.24
9/26/2003,9342.43,9313.08
9/25/2003,9425.58,9343.96
9/24/2003,9575.97,9425.51
9/23/2003,9535.76,9576.04
9/22/2003,9641.8,9535.41
9/19/2003,9661.8,9644.82
9/18/2003,9544.04,9659.13
9/17/2003,9566.08,9545.65
9/16/2003,9449.16,9567.34
9/15/2003,9471.19,9448.81
9/12/2003,9456.88,9471.55
9/11/2003,9415.05,9459.76
9/10/2003,9504.88,9420.46
9/9/2003,9584.92,9507.2
9/8/2003,9503.41,9586.29
9/5/2003,9589.52,9503.34
9/4/2003,9569.09,9587.9
9/3/2003,9521.86,9568.46
9/2/2003,9416.67,9523.27
8/29/2003,9373.33,9415.82
8/28/2003,9334.35,9374.21
8/27/2003,9339.82,9333.79
8/26/2003,9316.03,9340.45
8/25/2003,9349.44,9317.64
8/22/2003,9436.04,9348.87
8/21/2003,9399.96,9423.68
8/20/2003,9420.13,9397.51
8/19/2003,9412.17,9428.9
8/18/2003,9320.66,9412.45
8/15/2003,9308.52,9321.69
8/14/2003,9272.25,9310.56
8/13/2003,9303.69,9271.76
8/12/2003,9218.12,9310.06
8/11/2003,9189.62,9217.35
8/8/2003,9127.36,9191.09
8/7/2003,9060.48,9126.45
8/6/2003,9032.96,9061.74
8/5/2003,9185.27,9036.32
8/4/2003,9154.18,9186.04
8/1/2003,9232.68,9153.97
7/31/2003,9199.35,9233.8
7/30/2003,9204.39,9200.05
7/29/2003,9268.19,9204.46
7/28/2003,9284.92,9266.51
7/25/2003,9113.85,9284.57
7/24/2003,9196.56,9112.51
7/23/2003,9159.08,9194.24
7/22/2003,9098.65,9158.45
7/21/2003,9187.8,9096.69
7/18/2003,9052.29,9188.15
7/17/2003,9089.34,9050.82
7/16/2003,9133.7,9094.59
7/15/2003,9179.18,9128.97
7/14/2003,9126.45,9177.15
7/11/2003,9036.39,9119.59
7/10/2003,9154.53,9036.04
7/9/2003,9221.9,9156.21
7/8/2003,9213.48,9223.09
7/7/2003,9073.92,9216.79
7/3/2003,9141.16,9070.21
7/2/2003,9043.54,9142.84
7/1/2003,8983.66,9040.95
6/30/2003,8990.74,8985.44
6/27/2003,9079.74,8989.05
6/26/2003,9011.06,9079.04
6/25/2003,9109.57,9011.53
6/24/2003,9071.48,9109.85
6/23/2003,9199.49,9072.95
6/20/2003,9180.93,9200.75
6/19/2003,9293.8,9179.53
6/18/2003,9322.67,9293.8
6/17/2003,9319.66,9323.02
6/16/2003,9117.56,9318.96
6/13/2003,9197.88,9117.12
6/12/2003,9184.29,9196.55
6/11/2003,9048.85,9183.22
6/10/2003,8980.79,9054.89
6/9/2003,9061.18,8980
6/6/2003,9045.57,9062.79
6/5/2003,9036.67,9041.3
6/4/2003,8919.94,9038.98
6/3/2003,8898.23,8922.95
6/2/2003,8851.45,8897.81
5/30/2003,8711.46,8850.26
5/29/2003,8787.23,8711.18
5/28/2003,8781.84,8793.12
5/27/2003,8600.54,8781.35
5/23/2003,8594.02,8601.38
5/22/2003,8516.99,8594.02
5/21/2003,8485.62,8516.43
5/20/2003,8494.09,8491.36
5/19/2003,8676.52,8493.39
5/16/2003,8710.36,8678.97
5/15/2003,8649.22,8713.14
5/14/2003,8673.29,8647.82
5/13/2003,8722.88,8679.25
5/12/2003,8603.9,8726.73
5/9/2003,8492.69,8604.6
5/8/2003,8558.67,8491.22
5/7/2003,8585.42,8560.63
5/6/2003,8531.28,8588.36
5/5/2003,8583.17,8531.57
5/2/2003,8453.48,8582.68
5/1/2003,8478.48,8454.25
4/30/2003,8501.38,8480.09
4/29/2003,8472.88,8502.99
4/28/2003,8306.84,8471.61
4/25/2003,8438.98,8306.35
4/24/2003,8512.44,8440.04
4/23/2003,8484.92,8515.66
4/22/2003,8326.38,8484.99
4/21/2003,8336.67,8328.9
4/17/2003,8255.79,8337.65
4/16/2003,8405.72,8257.61
4/15/2003,8347.66,8402.36
4/14/2003,8203.97,8351.1
4/11/2003,8223.22,8203.41
4/10/2003,8198.99,8221.33
4/9/2003,8299.28,8197.94
4/8/2003,8299.12,8298.92
4/7/2003,8284.15,8300.41
4/4/2003,8240.59,8277.15
4/3/2003,8285.76,8240.38
4/2/2003,8070.98,8285.06
4/1/2003,7992.83,8069.86
3/31/2003,8142.83,7992.13
3/28/2003,8198.85,8145.77
3/27/2003,8226.39,8201.45
3/26/2003,8279.88,8229.88
3/25/2003,8216.85,8280.23
3/24/2003,8514.82,8214.68
3/21/2003,8290.38,8521.97
3/20/2003,8264.68,8286.6
3/19/2003,8193.04,8265.45
3/18/2003,8142.69,8194.23
3/17/2003,7857.96,8141.92
3/14/2003,7822.17,7859.71
3/13/2003,7555.29,7821.75
3/12/2003,7517.76,7552.07
3/11/2003,7568.53,7524.06
3/10/2003,7739.4,7568.18
3/7/2003,7671.75,7740.03
3/6/2003,7774.76,7673.99
3/5/2003,7702.35,7775.6
3/4/2003,7838.14,7704.87
3/3/2003,7890.24,7837.86
2/28/2003,7886.11,7891.08
2/27/2003,7807.96,7884.99
2/26/2003,7907.39,7806.98
2/25/2003,7856.42,7909.5
2/24/2003,8017.34,7858.24
2/21/2003,7915.52,8018.11
2/20/2003,8002.7,7914.96
2/19/2003,8033.8,8000.6
2/18/2003,7909.3,8041.15
2/14/2003,7750.9,7908.8
2/13/2003,7756.55,7749.87
2/12/2003,7836.36,7758.17
2/11/2003,7920.93,7843.11
2/10/2003,7865.74,7920.11
2/7/2003,7932.45,7864.23
2/6/2003,7981.95,7929.3
2/5/2003,8014.45,7985.18
2/4/2003,8104.61,8013.29
2/3/2003,8053.74,8109.82
1/31/2003,7939.72,8053.81
1/30/2003,8109.14,7945.13
1/29/2003,8087.95,8110.71
1/28/2003,7991.07,8088.84
1/27/2003,8128.54,7989.56
1/24/2003,8367.89,8131.01
1/23/2003,8320.72,8369.47
1/22/2003,8439.54,8318.73
1/21/2003,8586.26,8442.9
1/17/2003,8695.82,8586.74
1/16/2003,8721.12,8697.87
1/15/2003,8843.64,8723.18
1/14/2003,8787.22,8842.62
1/13/2003,8787.83,8785.98
1/10/2003,8776.04,8784.95
1/9/2003,8596.68,8776.18
1/8/2003,8735.93,8595.31
1/7/2003,8775.84,8740.59
1/6/2003,8602.78,8773.57
1/3/2003,8607.38,8601.69
1/2/2003,8342.38,8607.52
12/31/2002,8332.24,8341.63
12/30/2002,8304.06,8332.85
12/27/2002,8429.28,8303.78
12/26/2002,8448.86,8432.61
12/24/2002,8491.99,8448.11
12/23/2002,8511.39,8493.29
12/20/2002,8367.41,8511.32
12/19/2002,8441.94,8364.8
12/18/2002,8531.31,8447.35
12/17/2002,8626.99,8535.39
12/16/2002,8436.59,8627.4
12/13/2002,8536.07,8433.71
12/12/2002,8590.99,8538.4
12/11/2002,8571.52,8589.14
12/10/2002,8473.61,8574.26
12/9/2002,8643.99,8473.41
12/6/2002,8620.88,8645.77
12/5/2002,8740.66,8623.28
12/4/2002,8734.22,8737.85
12/3/2002,8861.13,8742.93
12/2/2002,8902.95,8862.57
11/29/2002,8933.67,8896.09
11/28/2002,8678.96,8931.68
11/27/2002,8678.96,8931.68
11/26/2002,8844.12,8676.42
11/25/2002,8804.97,8849.4
11/22/2002,8842.41,8804.84
11/21/2002,8625.48,8845.15
11/20/2002,8469.57,8623.01
11/19/2002,8484.93,8474.78
11/18/2002,8579.74,8486.57
11/15/2002,8535.64,8579.09
11/14/2002,8403.69,8542.13
11/13/2002,8380.32,8398.49
11/12/2002,8356.73,8386
11/11/2002,8535.81,8358.95
11/8/2002,8585.75,8537.13
11/7/2002,8766.08,8586.24
11/6/2002,8677.17,8771.01
11/5/2002,8568.76,8678.27
11/4/2002,8521.6,8571.6
11/1/2002,8395.64,8517.64
10/31/2002,8427.34,8397.03
10/30/2002,8363.95,8427.41
10/29/2002,8367.28,8368.94
10/28/2002,8448.98,8368.04
10/25/2002,8317.48,8443.99
10/24/2002,8495.38,8317.34
10/23/2002,8448.56,8494.27
10/22/2002,8534.08,8450.16
10/21/2002,8320.74,8538.24
10/18/2002,8287.72,8322.4
10/17/2002,8038.31,8275.04
10/16/2002,8232.1,8036.03
10/15/2002,7883.23,8255.68
10/14/2002,7848.21,7877.4
10/11/2002,7540.74,7850.29
10/10/2002,7286.34,7533.95
10/9/2002,7499.96,7286.27
10/8/2002,7425.82,7501.49
10/7/2002,7528.68,7422.84
10/4/2002,7719.34,7528.4
10/3/2002,7753.46,7717.19
10/2/2002,7936.57,7755.61
10/1/2002,7593.04,7938.79
9/30/2002,7698.81,7591.93
9/27/2002,7996.01,7701.45
9/26/2002,7844.62,7997.12
9/25/2002,7687.16,7841.82
9/24/2002,7871.23,7683.13
9/23/2002,7984.77,7872.15
9/20/2002,7945.93,7986.02
9/19/2002,8170.65,7942.39
9/18/2002,8203.07,8172.45
9/17/2002,8386.35,8207.55
9/16/2002,8311.79,8380.18
9/13/2002,8377.68,8312.69
9/12/2002,8574.94,8379.41
9/11/2002,8604.27,8581.17
9/10/2002,8520.14,8602.61
9/9/2002,8425.88,8519.38
9/6/2002,8296.46,8427.2
9/5/2002,8420.2,8283.7
9/4/2002,8308.53,8425.12
9/3/2002,8659.27,8308.05
8/30/2002,8669.26,8663.5
8/29/2002,8690.69,8670.99
8/28/2002,8823.93,8694.09
8/27/2002,8917.49,8824.41
8/26/2002,8873.93,8919.01
8/23/2002,9051.49,8872.96
8/22/2002,8961.18,9053.64
8/21/2002,8866.14,8957.23
8/20/2002,8986.5,8872.07
8/19/2002,8777.09,8990.79
8/16/2002,8813.07,8778.06
8/15/2002,8745.04,8818.14
8/14/2002,8479.14,8743.31
8/13/2002,8683.15,8482.39
8/12/2002,8741.92,8688.89
8/9/2002,8707.24,8745.45
8/8/2002,8456.29,8712.02
8/7/2002,8282.25,8456.15
8/6/2002,8049.93,8274.09
8/5/2002,8312.92,8043.63
8/2/2002,8504.96,8313.13
8/1/2002,8732.58,8506.62
7/31/2002,8678.65,8736.59
7/30/2002,8707.03,8680.03
7/29/2002,8267.99,8711.88
7/26/2002,8192.61,8264.39
7/25/2002,8185.89,8186.31
7/24/2002,7698.46,8191.29
7/23/2002,7785.55,7702.34
7/22/2002,8015.04,7784.58
7/19/2002,8406.1,8019.26
7/18/2002,8540.47,8409.49
7/17/2002,8476.21,8542.48
7/16/2002,8635.31,8473.11
7/15/2002,8681.28,8639.19
7/12/2002,8805.33,8684.53
7/11/2002,8812.12,8801.53
7/10/2002,9098.16,8813.5
7/9/2002,9273.38,9096.09
7/8/2002,9375.7,9274.9
7/5/2002,9061.54,9379.5
7/3/2002,9006.37,9054.97
7/2/2002,9104.95,9007.75
7/1/2002,9239.25,9109.79
6/28/2002,9270.33,9243.26
6/27/2002,9122.12,9269.92
6/26/2002,9108.22,9120.11
6/25/2002,9285.56,9126.82
6/24/2002,9252.47,9281.82
6/21/2002,9430.66,9253.79
6/20/2002,9561.64,9431.77
6/19/2002,9702,9561.57
6/18/2002,9684.52,9706.12
6/17/2002,9476.5,9687.42
6/14/2002,9498.92,9474.21
6/13/2002,9612.87,9502.8
6/12/2002,9515.12,9617.71
6/11/2002,9647.62,9517.26
6/10/2002,9587.38,9645.4
6/7/2002,9592.38,9589.67
6/6/2002,9795.7,9624.64
6/5/2002,9688.53,9796.8
6/4/2002,9710.34,9687.84
6/3/2002,9923.94,9709.79
5/31/2002,9915.15,9925.25
5/30/2002,9915.01,9911.69
5/29/2002,9976.94,9923.04
5/28/2002,10106.54,9981.58
5/24/2002,10211.92,10104.26
5/23/2002,10158.3,10216.08
5/22/2002,10098.58,10157.88
5/21/2002,10229.08,10105.71
5/20/2002,10348.93,10229.5
5/17/2002,10291.05,10353.08
5/16/2002,10242.11,10289.21
5/15/2002,10288.56,10243.68
5/14/2002,10119.34,10298.14
5/13/2002,9938.82,10109.66
5/10/2002,10040.25,9939.92
5/9/2002,10137.96,10037.42
5/8/2002,9847.96,10141.83
5/7/2002,9810.53,9836.55
5/6/2002,10005.8,9808.04
5/3/2002,10091.73,10006.63
5/2/2002,10057.62,10091.87
5/1/2002,9944.9,10059.63
4/30/2002,9818.9,9946.22
4/29/2002,9910.52,9819.87
4/26/2002,10037.42,9910.72
4/25/2002,10028.7,10035.06
4/24/2002,10090.07,10030.43
4/23/2002,10137.2,10089.24
4/22/2002,10256,10136.43
4/19/2002,10212.69,10257.11
4/18/2002,10219.47,10205.28
4/17/2002,10299.66,10220.78
4/16/2002,10100.38,10301.32
4/15/2002,10189.57,10093.67
4/12/2002,10178.57,10190.82
4/11/2002,10378.89,10176.08
4/10/2002,10210.4,10381.73
4/9/2002,10249.84,10208.67
4/8/2002,10258.91,10249.08
4/5/2002,10235.8,10271.64
4/4/2002,10199.54,10235.17
4/3/2002,10311.81,10198.29
4/2/2002,10352.46,10313.71
4/1/2002,10402.07,10362.7
3/28/2002,10429.68,10403.94
3/27/2002,10351.28,10426.91
3/26/2002,10280.51,10353.36
3/25/2002,10428.43,10281.67
3/22/2002,10477.7,10427.67
3/21/2002,10501.99,10479.84
3/20/2002,10626.85,10501.57
3/19/2002,10578.38,10635.25
3/18/2002,10608.54,10577.75
3/15/2002,10516.45,10607.23
3/14/2002,10501.29,10517.14
3/13/2002,10620.17,10501.85
3/12/2002,10604.32,10632.35
3/11/2002,10570.07,10611.24
3/8/2002,10531.67,10572.49
3/7/2002,10578.1,10525.37
3/6/2002,10431.96,10574.29
3/5/2002,10591.38,10433.41
3/4/2002,10368.1,10586.82
3/1/2002,10111.04,10368.86
2/28/2002,10130.28,10106.13
2/27/2002,10117.65,10127.58
2/26/2002,10145.86,10115.26
2/25/2002,9969.75,10145.71
2/22/2002,9834.89,9968.15
2/21/2002,9933.56,9834.68
2/20/2002,9742.37,9941.17
2/19/2002,9899.24,9745.14
2/15/2002,10000.83,9903.04
2/14/2002,9989.67,10001.99
2/13/2002,9856.99,9989.67
2/12/2002,9880.35,9863.74
2/11/2002,9739.81,9884.78
2/8/2002,9627.65,9744.24
2/7/2002,9650.97,9625.44
2/6/2002,9682.04,9653.39
2/5/2002,9684.74,9685.43
2/4/2002,9905.46,9687.09
2/1/2002,9923.04,9907.26
1/31/2002,9763.2,9920
1/30/2002,9619.14,9762.86
1/29/2002,9865.54,9618.24
1/28/2002,9843.05,9865.75
1/25/2002,9793.23,9840.08
1/24/2002,9734.21,9796.07
1/23/2002,9710.96,9730.96
1/22/2002,9772.34,9713.8
1/18/2002,9830.94,9771.85
1/17/2002,9712.21,9850.04
1/16/2002,9916.54,9712.27
1/15/2002,9892.73,9924.15
1/14/2002,9985.38,9891.42
1/11/2002,10069.52,9987.53
1/10/2002,10092.5,10067.86
1/9/2002,10153.18,10094.09
1/8/2002,10195.76,10150.55
1/7/2002,10261.33,10197.05
1/4/2002,10176.84,10259.74
1/3/2002,10073.88,10172.14
1/2/2002,10021.71,10073.4
12/31/2001,10136.36,10021.5
12/28/2001,10133.94,10136.99
12/27/2001,10088.71,10131.31
12/26/2001,10035.55,10088.07
12/24/2001,10036.59,10035.34
12/21/2001,9986.84,10035.34
12/20/2001,10064.13,9985.18
12/19/2001,9994.59,10070.49
12/18/2001,9893.22,9998.39
12/17/2001,9809.42,9891.97
12/14/2001,9764.72,9811.15
12/13/2001,9889.13,9766.45
12/12/2001,9887.27,9894.81
12/11/2001,9925.6,9888.37
12/10/2001,10047.04,9921.45
12/7/2001,10099.14,10049.46
12/6/2001,10113.53,10099.14
12/5/2001,9891.35,10114.29
12/4/2001,9765.55,9893.84
12/3/2001,9848.93,9763.96
11/30/2001,9828.8,9851.56
11/29/2001,9710.34,9829.42
11/28/2001,9867.06,9711.86
11/27/2001,9980.33,9872.6
11/26/2001,9961.58,9982.75
11/23/2001,9833.09,9959.71
11/21/2001,9894.19,9834.68
11/20/2001,9968.64,9901.38
11/19/2001,9870.45,9976.46
11/16/2001,9871.51,9866.99
11/15/2001,9824.65,9872.39
11/14/2001,9751.13,9823.61
11/13/2001,9551.43,9750.95
11/12/2001,9606.13,9554.37
11/9/2001,9586.96,9608
11/8/2001,9558.39,9587.52
11/7/2001,9584.68,9554.37
11/6/2001,9437.09,9591.12
11/5/2001,9326.59,9441.03
11/2/2001,9264.52,9323.54
11/1/2001,9087.45,9263.9
10/31/2001,9123.64,9075.14
10/30/2001,9264.52,9121.98
10/29/2001,9543.37,9269.5
10/26/2001,9462.28,9545.17
10/25/2001,9342.29,9462.9
10/24/2001,9341.4,9345.62
10/23/2001,9379.17,9340.08
10/22/2001,9203.91,9377.03
10/19/2001,9162.81,9204.11
10/18/2001,9230.75,9163.22
10/17/2001,9389.76,9232.97
10/16/2001,9346.31,9384.23
10/15/2001,9340.84,9347.62
10/12/2001,9409.07,9344.16
10/11/2001,9242.63,9410.45
10/10/2001,9052.3,9240.86
10/9/2001,9066.56,9052.44
10/8/2001,9115.75,9067.94
10/5/2001,9058.83,9119.77
10/4/2001,9127.24,9060.88
10/3/2001,8946.02,9123.78
10/2/2001,8836.69,8950.59
10/1/2001,8845.97,8836.83
9/28/2001,8679.07,8847.56
9/27/2001,8567.46,8681.42
9/26/2001,8660.06,8567.39
9/25/2001,8605.59,8659.97
9/24/2001,8242.32,8603.86
9/21/2001,8356.56,8235.81
9/20/2001,8748.61,8376.21
9/19/2001,8903.54,8759.13
9/18/2001,8922.7,8903.4
9/17/2001,9580.32,8920.7
9/10/2001,9603.36,9605.51
9/7/2001,9841.25,9605.85
9/6/2001,10028.35,9840.84
9/5/2001,9998.12,10033.27
9/4/2001,9946.98,9997.49
8/31/2001,9918.96,9949.75
8/30/2001,10077.07,9919.58
8/29/2001,10224.45,10090.9
8/28/2001,10382.56,10222.03
8/27/2001,10422.76,10382.35
8/24/2001,10232.48,10423.17
8/23/2001,10276.41,10229.15
8/22/2001,10170.3,10276.9
8/21/2001,10320.07,10174.14
8/20/2001,10239.33,10320.07
8/17/2001,10385.46,10240.78
8/16/2001,10342.1,10392.52
8/15/2001,10407.05,10345.95
8/14/2001,10416.95,10412.17
8/13/2001,10411.9,10415.91
8/10/2001,10296.89,10416.25
8/9/2001,10291.15,10298.56
8/8/2001,10456.18,10293.5
8/7/2001,10399.03,10458.74
8/6/2001,10504.13,10401.31
8/3/2001,10550.01,10512.78
8/2/2001,10513.47,10551.18
8/1/2001,10527.38,10510.01
7/31/2001,10403.18,10522.81
7/30/2001,10418.68,10401.72
7/27/2001,10451.89,10416.67
7/26/2001,10403.46,10455.63
7/25/2001,10241.75,10405.67
7/24/2001,10423.8,10241.12
7/23/2001,10576.92,10424.42
7/20/2001,10606.19,10576.65
7/19/2001,10574.33,10610
7/18/2001,10594.54,10569.83
7/17/2001,10468.62,10606.39
7/16/2001,10537.98,10472.12
7/13/2001,10478.39,10539.06
7/12/2001,10269.31,10478.99
7/11/2001,10174.7,10241.02
7/10/2001,10300.82,10175.64
7/9/2001,10253.62,10299.4
7/6/2001,10476.73,10252.68
7/5/2001,10566.23,10479.86
7/3/2001,10588.89,10571.11
7/2/2001,10504.95,10593.72
6/29/2001,10565.27,10502.4
6/28/2001,10438.73,10566.21
6/27/2001,10470.35,10434.84
6/26/2001,10497.3,10472.48
6/25/2001,10607.88,10504.22
6/22/2001,10716.5,10604.59
6/21/2001,10646.39,10715.43
6/20/2001,10593.79,10647.33
6/19/2001,10654.3,10596.67
6/18/2001,10622.5,10645.38
6/15/2001,10680.81,10623.64
6/14/2001,10868.27,10690.13
6/13/2001,10942,10871.62
6/12/2001,10914.67,10948.38
6/11/2001,10974.79,10922.09
6/8/2001,11095.62,10977
6/7/2001,11069.58,11090.74
6/6/2001,11177.73,11070.24
6/5/2001,11061.39,11175.84
6/4/2001,10991.77,11061.52
6/1/2001,10913.57,10990.41
5/31/2001,10873.23,10911.94
5/30/2001,11032.96,10872.64
5/29/2001,11004.66,11039.14
5/25/2001,11122.03,11005.37
5/24/2001,11107.07,11122.42
5/23/2001,11257.76,11105.51
5/22/2001,11339.8,11257.24
5/21/2001,11299.14,11337.92
5/18/2001,11245.78,11301.74
5/17/2001,11218.65,11248.58
5/16/2001,10864.74,11215.92
5/15/2001,10877.46,10872.97
5/14/2001,10819.55,10877.33
5/11/2001,10908.3,10821.31
5/10/2001,10868.87,10910.44
5/9/2001,10875.96,10866.98
5/8/2001,10936.66,10883.51
5/7/2001,10952.35,10935.17
5/4/2001,10793.2,10951.24
5/3/2001,10872.32,10796.65
5/2/2001,10902.77,10876.68
5/1/2001,10734.05,10898.34
4/30/2001,10814.41,10734.97
4/27/2001,10694.95,10810.05
4/26/2001,10633.01,10692.35
4/25/2001,10453.43,10625.2
4/24/2001,10529.75,10454.34
4/23/2001,10571,10532.23
4/20/2001,10690.33,10579.85
4/19/2001,10616.09,10693.71
4/18/2001,10226.88,10615.83
4/17/2001,10151.73,10216.73
4/16/2001,10118.16,10158.56
4/12/2001,10013.08,10126.94
4/11/2001,10109.05,10013.47
4/10/2001,9850.35,10102.74
4/9/2001,9793.58,9845.15
4/6/2001,9913.94,9791.09
4/5/2001,9527.21,9918.05
4/4/2001,9480.95,9515.42
4/3/2001,9774.78,9485.71
4/2/2001,9877.16,9777.93
3/30/2001,9799.47,9878.78
3/29/2001,9784.94,9799.06
3/28/2001,9941.2,9785.35
3/27/2001,9687.93,9947.54
3/26/2001,9509.25,9687.53
3/23/2001,9395.58,9504.78
3/22/2001,9490.66,9389.48
3/21/2001,9717.46,9487
3/20/2001,9961.14,9720.76
3/19/2001,9820.05,9959.11
3/16/2001,10023.55,9823.41
3/15/2001,9982.92,10031.28
3/14/2001,10279.42,9973.46
3/13/2001,10206.89,10290.8
3/12/2001,10638.52,10208.25
3/9/2001,10850.11,10644.62
3/8/2001,10727.16,10858.25
3/7/2001,10591.86,10729.6
3/6/2001,10570.17,10591.22
3/5/2001,10468.93,10562.3
3/2/2001,10438.04,10466.31
3/1/2001,10493.25,10450.14
2/28/2001,10639.32,10495.28
2/27/2001,10638.44,10636.88
2/26/2001,10447.59,10642.53
2/23/2001,10529.25,10441.9
2/22/2001,10527.8,10526.81
2/21/2001,10721.29,10526.58
2/20/2001,10800.23,10730.88
2/16/2001,10884.11,10799.82
2/15/2001,10800.65,10891.02
2/14/2001,10899.42,10795.41
2/13/2001,10950.18,10903.32
2/12/2001,10779.42,10946.77
2/9/2001,10878.51,10781.45
2/8/2001,10940.62,10880.55
2/7/2001,10948.95,10946.72
2/6/2001,10965.03,10957.42
2/5/2001,10860.44,10965.85
2/2/2001,10982.71,10864.1
2/1/2001,10884.82,10983.63
1/31/2001,10882.25,10887.36
1/30/2001,10702.19,10881.2
1/29/2001,10657.13,10702.19
1/26/2001,10727.08,10659.98
1/25/2001,10644.53,10729.52
1/24/2001,10651.85,10646.97
1/23/2001,10575.8,10649.81
1/22/2001,10581.9,10578.24
1/19/2001,10686,10587.59
1/18/2001,10584.57,10678.28
1/17/2001,10660.95,10584.34
1/16/2001,10525.78,10652.66
1/12/2001,10608.74,10525.38
1/11/2001,10600.2,10609.55
1/10/2001,10568.48,10604.27
1/9/2001,10625.21,10572.55
1/8/2001,10658.73,10621.35
1/5/2001,10912.81,10662.01
1/4/2001,10944.94,10912.41
1/3/2001,10637.42,10945.75
1/2/2001,10790.92,10646.15
12/29/2000,10868.76,10786.85
12/28/2000,10795.2,10868.76
12/27/2000,10690.1,10803.16
12/26/2000,10638.21,10692.44
12/22/2000,10495.26,10635.56
12/21/2000,10314.38,10487.29
12/20/2000,10580.97,10318.93
12/19/2000,10643.14,10584.37
12/18/2000,10433.34,10645.42
12/15/2000,10647.98,10434.96
12/14/2000,10794.82,10674.99
12/13/2000,10777.95,10794.44
12/12/2000,10722.77,10768.27
12/11/2000,10719.36,10725.8
12/8/2000,10632.14,10712.91
12/7/2000,10644.66,10617.36
12/6/2000,10896.14,10664.38
12/5/2000,10576.78,10898.72
12/4/2000,10377.33,10560.95
12/1/2000,10416.76,10373.54
11/30/2000,10610.53,10414.49
11/29/2000,10502.74,10629.11
11/28/2000,10537.86,10507.58
11/27/2000,10479.33,10546.07
11/24/2000,10403.87,10470.23
11/22/2000,10484.26,10399.32
11/21/2000,10465.57,10494.5
11/20/2000,10624.18,10462.65
11/17/2000,10657.13,10629.87
11/16/2000,10705.33,10656.03
11/15/2000,10681.21,10707.6
11/14/2000,10528.25,10681.06
11/13/2000,10595.35,10517.25
11/10/2000,10813.78,10602.95
11/9/2000,10902.11,10834.25
11/8/2000,10954.34,10907.06
11/7/2000,10978.72,10952.18
11/6/2000,10820.6,10977.21
11/3/2000,10883.17,10817.95
11/2/2000,10903.17,10880.51
11/1/2000,10966.21,10899.47
10/31/2000,10835.39,10971.14
10/30/2000,10588.06,10835.77
10/27/2000,10381.6,10590.62
10/26/2000,10330.18,10380.12
10/25/2000,10395.66,10326.48
10/24/2000,10273.57,10393.07
10/23/2000,10230.29,10271.72
10/20/2000,10141.13,10226.59
10/19/2000,10014.61,10142.98
10/18/2000,10085.99,9975.02
10/17/2000,10242.87,10089.71
10/16/2000,10184.78,10238.8
10/13/2000,10031.62,10192.18
10/12/2000,10424.14,10034.58
10/11/2000,10521.07,10413.79
10/10/2000,10569.17,10524.4
10/9/2000,10596.91,10568.43
10/6/2000,10726.76,10596.54
10/5/2000,10783.72,10724.92
10/4/2000,10723.33,10784.48
10/3/2000,10709.84,10719.74
10/2/2000,10659.06,10700.13
9/29/2000,10821.4,10650.92
9/28/2000,10629.84,10824.06
9/27/2000,10634.45,10628.36
9/26/2000,10806.3,10631.32
9/25/2000,10847.37,10808.15
9/22/2000,10678.3,10847.37
9/21/2000,10680.52,10765.52
9/20/2000,10794.47,10687.92
9/19/2000,10812.22,10789.29
9/18/2000,10926.42,10808.52
9/15/2000,11087.84,10927
9/14/2000,11189.58,11087.47
9/13/2000,11225.03,11182.18
9/12/2000,11197.71,11233.23
9/11/2000,11219.54,11195.49
9/8/2000,11261.72,11220.65
9/7/2000,11316.01,11259.87
9/6/2000,11253.58,11310.64
9/5/2000,11221.76,11260.61
9/1/2000,11219.54,11238.78
8/31/2000,11105.23,11215.1
8/30/2000,11209.01,11103.01
8/29/2000,11249.27,11215.1
8/28/2000,11194.48,11252.84
8/25/2000,11180.54,11192.63
8/24/2000,11143.91,11182.74
8/23/2000,11130.55,11144.65
8/22/2000,11082.2,11139.15
8/21/2000,11058.85,11079.81
8/18/2000,11051.2,11046.48
8/17/2000,11010.95,11055.64
8/16/2000,11068.83,11008.39
8/15/2000,11175.05,11067
8/14/2000,11027.07,11176.14
8/11/2000,10905.98,11027.8
8/10/2000,10901.06,10908.76
8/9/2000,10970.94,10905.83
8/8/2000,10865.15,10976.89
8/7/2000,10773.98,10867.01
8/4/2000,10713.36,10767.75
8/3/2000,10679.37,10706.58
8/2/2000,10609.15,10687.53
8/1/2000,10523.81,10606.95
7/31/2000,10514.29,10521.98
7/28/2000,10594.97,10511.17
7/27/2000,10516.83,10586.13
7/26/2000,10689.36,10516.48
7/25/2000,10689.28,10699.97
7/24/2000,10731.44,10685.12
7/21/2000,10843.51,10733.56
7/20/2000,10700.68,10843.87
7/19/2000,10724.15,10696.08
7/18/2000,10799.16,10739.92
7/17/2000,10812.4,10804.27
7/14/2000,10793.31,10812.75
7/13/2000,10774.92,10788.71
7/12/2000,10722.24,10783.76
7/11/2000,10649.06,10727.19
7/10/2000,10627.14,10646.58
7/7/2000,10483.33,10635.98
7/6/2000,10481.45,10481.47
7/5/2000,10538.23,10483.6
7/3/2000,10450.36,10560.67
6/30/2000,10393.09,10447.89
6/29/2000,10523.9,10398.04
6/28/2000,10506.39,10527.79
6/27/2000,10541.58,10504.46
6/26/2000,10403.69,10542.99
6/23/2000,10376.47,10404.75
6/22/2000,10495.97,10376.12
6/21/2000,10446.83,10497.74
6/20/2000,10558.9,10435.16
6/19/2000,10448.4,10557.84
6/16/2000,10717.76,10449.3
6/15/2000,10689.63,10714.82
6/14/2000,10632.46,10687.95
6/13/2000,10562.31,10621.84
6/12/2000,10615.12,10564.21
6/9/2000,10678.47,10614.06
6/8/2000,10818.78,10668.72
6/7/2000,10733.48,10812.86
6/6/2000,10822.61,10735.57
6/5/2000,10793.11,10815.3
6/2/2000,10660.09,10794.76
6/1/2000,10532.27,10652.2
5/31/2000,10528.28,10522.33
5/30/2000,10302.31,10527.13
5/26/2000,10322.89,10299.24
5/25/2000,10529.87,10323.92
5/24/2000,10420.9,10535.35
5/23/2000,10539.12,10422.27
5/22/2000,10624.79,10542.55
5/19/2000,10764.22,10626.85
5/18/2000,10771.8,10777.28
5/17/2000,10930.64,10769.74
5/16/2000,10816.01,10934.57
5/15/2000,10606.97,10807.78
5/12/2000,10549.06,10609.37
5/11/2000,10369.27,10545.97
5/10/2000,10533.09,10367.78
5/9/2000,10607.54,10536.75
5/8/2000,10571.31,10603.63
5/5/2000,10409.7,10577.86
5/4/2000,10478.89,10412.49
5/3/2000,10732.21,10480.13
5/2/2000,10805.58,10731.12
5/1/2000,10749.42,10811.78
4/28/2000,10892.76,10733.91
4/27/2000,10941.91,10888.1
4/26/2000,11127.92,10945.5
4/25/2000,10916.65,11124.82
4/24/2000,10822.33,10906.1
4/20/2000,10668.19,10844.05
4/19/2000,10748.97,10674.96
4/18/2000,10584.02,10767.42
4/17/2000,10303.29,10582.51
4/14/2000,10922.85,10305.77
4/13/2000,11132.58,10923.55
4/12/2000,11283.05,11125.13
4/11/2000,11180.98,11287.08
4/10/2000,11114.89,11186.56
4/7/2000,11122.03,11111.48
4/6/2000,11029.56,11114.27
4/5/2000,11163.29,11033.92
4/4/2000,11225.34,11164.84
4/3/2000,10863.28,11221.93
3/31/2000,10993.28,10921.92
3/30/2000,11008.17,10980.25
3/29/2000,10939.05,11018.72
3/28/2000,11023.68,10936.11
3/27/2000,11093.25,11025.85
3/24/2000,11107.45,11112.72
3/23/2000,10884.38,11119.86
3/22/2000,10916.96,10866.7
3/21/2000,10680.24,10907.34
3/20/2000,10594.75,10680.24
3/17/2000,10629.98,10595.23
3/16/2000,10139.58,10630.6
3/15/2000,9808.15,10131.41
3/14/2000,9957.67,9811.24
3/13/2000,9911.22,9947.13
3/10/2000,10008.55,9928.82
3/9/2000,9855.29,10010.73
3/8/2000,9800.69,9856.53
3/7/2000,10197.61,9796.03
3/6/2000,10358.96,10170.5
3/3/2000,10171.12,10367.2
3/2/2000,10135.44,10164.92
3/1/2000,10128.11,10137.93
2/29/2000,10039.58,10128.31
2/28/2000,9854.66,10038.65
2/25/2000,10090.77,9862.12
2/24/2000,10242.48,10092.63
2/23/2000,10294.82,10225.73
2/22/2000,10219.83,10304.84
2/18/2000,10514.57,10219.52
2/17/2000,10565.76,10514.57
2/16/2000,10711.82,10561.41
2/15/2000,10520.15,10718.09
2/14/2000,10431.65,10519.84
2/11/2000,10638.64,10425.21
2/10/2000,10697.92,10643.63
2/9/2000,10948.82,10699.16
2/8/2000,10904.26,10957.6
2/7/2000,10965.97,10905.79
2/4/2000,11014.37,10963.8
2/3/2000,11010.48,11013.44
2/2/2000,11037.64,11003.2
2/1/2000,10937.74,11041.05
1/31/2000,10735.77,10940.53
1/28/2000,11024.92,10738.87
1/27/2000,11035.55,11028.02
1/26/2000,11025.85,11032.99
1/25/2000,11010.96,11029.89
1/24/2000,11251.94,11008.17
1/21/2000,11356.26,11251.71
1/20/2000,11490.29,11351.3
1/19/2000,11535.24,11489.36
1/18/2000,11719.19,11560.72
1/14/2000,11619.35,11722.98
1/13/2000,11558.24,11582.43
1/12/2000,11506.73,11551.1
1/11/2000,11568.47,11511.08
1/10/2000,11532.48,11572.2
1/7/2000,11247.06,11522.56
1/6/2000,11113.37,11253.26
1/5/2000,10989.37,11122.65
1/4/2000,11349.75,10997.93
1/3/2000,11501.85,11357.51