1,a01778a8cafdedfc2e676b8ba0495a19,KVillela (DatumBox1),765
2,6193d654c5eebe977005717702592f26,KevinV
3,aafd2b194cfbe927cb85c4e1fc579141,villka02
4,c15e170662def9c247a0d074f01f0222,MrMAV
5,efdbf9d23fa099395061285c6f099422,JordanArmstrong (JArms1)
6,d20bc2c623458697bdd93795b6b62ebc,SlyPro (SlyPro1)
7,07b6561391d98533a14b62c25703884e,weispm02 (Weispm02)
8,31c1f4c9515eb8b3e45b6eb2385eebfc,TestUser (Test1234)
9,abe7659bbfb1bef45f27f23ee5ea2d93,Test5678 (Test5678)
10,f0fbbbfa171390e2c2db6cd54fc17af4,Test90 (Test90)
11,33a996e29a35f9e5ac9c007015529b56,DatumBox2 (DatumBox2)
12,5c8b8c72713dbc627de54d08303a12d3,DatumBox3 (DatumBox3)
13,68cb2f676303c2a908702804d7f777e7,DatumBox4 (DatumBox4)
14,e365916a2a059772faded70eacef545d,DatumBox5 (DatumBox5)
15,3313a3fb36fe35b05f038c44f32607e7,DatumBox6 (DatumBox6)
16,020eb0d148c3c8bb8d8acd29f5aaae34,DatumBox7 (DatumBox7)
17,5d20722e009d6c2180aa8ddd1d7a1b5b,DatumBox8 (DatumBox8)
18,43e72eef35675d2bdd3f37246bddf052,DatumBox9 (DatumBox9)
19,ad34470ff161ffd414a82b9ff1194c62,DatumBox10 (DatumBox10)
20,88ce955d4d524ab8413c76dc59ef4ffa,DatumBox11 (DatumBox11)
21,c0d357df5a8670b2ebda51d6330b7f0a,DatumBox12 (DatumBox12)
22,c7c814acc9d58de49c5fa5ef45185740,DatumBox13 (DatumBox13)
23,d95b2e27834af271918dc3e06883d042,DatumBox14 (DatumBox14)
f997c952a51a285b39e960214cbe24c8,Datum100 (Datum100)
c253c4142ad55fe3a80bb604373d5e9d,Datum99 (Datum99)
949c2ff4d52ab7ec705a1f9a617670d0,Datum98 (Datum98)
32b5c3c534704654c433226d3afc72fc,Datum97 (Datum97)
2b42a44d2c3d1a7db5c5463d70f017e1,Datum96 (Datum96)
48dedce1db73cb4a4d014a90d3f142ec,Datum95 (Datum95)
e90bfa06328011d7af43dfff387942cd,Datum94 (Datum94)
b1cc6df5ac364769240b63b584fdb32f,Datum93 (Datum93)
e68773f3e59fc0544a874d444dc6af8c,Datum92 (Datum92)
40c12d85beb296f5ee51c2adce4d0326,Datum91 (Datum91)
a3b1ed93dd6dacc43eb994b3753767d7,Datum90 (Datum90)
9b4484bd43081661f040d1564482623a,Datum89 (Datum89)
c7ed7766be508b20f975cd556e819b05,Datum88 (Datum88)
6c647feb8c2e1671f0bb5494c14a4c17,Datum87 (Datum87)
24a5b2fb4eb9086ff37f019764b73f77,Datum86 (Datum86)
11633304e38730bf7504496911635094,Datum85 (Datum85)
feeaa9f78ca9e21ae80eda49f75baff1,Datum84 (Datum84)
00d2be474002f430d30fefcc25d28545,Datum83 (Datum83)
574fe34fe90b8b47417ec7d317d573f6,Datum82 (Datum82)
a80b8706cae1d0ead3c6828dfcbd821d,Datum81 (Datum81)
e3e5ee45e6e21e69785635adc67cc5d2,Datum80 (Datum80)
379a1803eaada8b8edb5cb10b1952720,Datum79 (Datum79)
60a6af35d237cd1923ceb68c1576455e,Datum78 (Datum78)
2540723b09e58aeddca80447890c387b,Datum77 (Datum77)
d62bb465d87b1f6532113e094982b78e,Datum76 (Datum76)
41f64188aeca97fe6e861837756ebc13,Datum75 (Datum75)
d203aa6c0714406d8e9b1c7af01b0758,Datum74 (Datum74)
e12e230866524631e7222be18e866415,Datum73 (Datum73)
d070b3eebb08488dfe8615e4ded0b1e1,Datum72 (Datum72)
5eb119c343d8f90eb33a8746ab5a5bd1,Datum71 (Datum71)
b15313200561938f70c98841a6a34193,Datum70 (Datum70)
47fae7b0bce4b8d7e3817cfe7e60ab22,Datum69 (Datum69)
02c23e0278b0343892685acfd6ce5c84,Datum68 (Datum68)
bee8bd73f7e97b2491d5d44856722fe6,Datum67 (Datum67)
5a85db874741543deccac27bc909b56c,Datum66 (Datum66)
20cb6c1b55efa533ea11c42417647000,Datum65 (Datum65)
f8d51d7f3bc50c19c42d7ed8e5fa504a,Datum64 (Datum64)
60a604e24bdcabead376393f375132ea,Datum63 (Datum63)
50399d119ce260ad5452a3cabda121ae,Datum62 (Datum62)
51101da21cea41063701f91c0980e802,Datum61 (Datum61)
09794f01b3df5b1dce6e90dea97b07b9,Datum60 (Datum60)
280c0271d6b6343cdf2e4822773caa15,Datum59 (Datum59)
f74e4eb2d194952b8fd7eed0b0a87e32,Datum58 (Datum58)
7a8c2e5d842c38d08281afa5f30f1e6d,Datum57 (Datum57)
5d7b6b8941c0118b47d3a94cb5a2d30c,Datum56 (Datum56)
d1f2f174175a0aa8c36272e55885c488,Datum55 (Datum55)
357ee4005c7fd619b4368fcce0dd353a,Datum54 (Datum54)
b4dc95b4ce906af0d98fd7b936c93d01,Datum53 (Datum53)
114de54ca2ba0579e6ef6eb9a09c71ed,Datum52 (Datum52)
393baee5a012cfe0576167efeba4dd68,Datum51 (Datum51)
3137ba6dee5b23a86e472e89f5f7ba91,Datum50 (Datum50)
368dfac6530f8388065ef1139bda48d5,Datum49 (Datum49)
138d8dbd1c0873c9951a2b0917df44f0,Datum48 (Datum48)
aefd2e1da039f57a3370ed1b3b3105b2,Datum47 (Datum47)
712b5afa0e0d8bae159e723fe0a34885,Datum46 (Datum46)
ff79f92480a29269a71a50e22c11aee8,Datum45 (Datum45)
81f5fb3f0863c18a9d64ac752a84bcf5,Datum44 (Datum44)
a739587db2c6347080ea506a6bf8677e,Datum43 (Datum43)
851b838b474c81d84d3d0fdb60fb264d,Datum41 (Datum41)
d89c0af8b58267db010457cff5ab3f8e,Datum40 (Datum40)
4a13c69ff23ae6b29caaedab596c2c44,Datum38 (Datum38)
669c35b580c00b33fe10cf2a0f4613fd,Datum37 (Datum37)
f57fd8923846d6cd1ee09c42a010e785,Datum36 (Datum36)
ae4c32363d2c94694ab5d4c2f0cdede6,Datum35 (Datum35)
e5d9099014ef2c2f9c625ad8ee7756e9,Datum34 (Datum34)
db9bac2f6ff3193a02afa4e308cd1e09,Datum33 (Datum33)
ee03598a95eb36e983aa798710ac8084,Datum32 (Datum32)
bff03aeb10ac18a540d6b8748733caac,Datum31 (Datum31)
a5bb94414bc17687e07752d6003c2862,Datum30 (Datum30)
392795e67d31be65590d2dab80e826e8,Datum29 (Datum29)
6738ae6fa7fc2680100d721840ef445c,Datum27 (Datum27)
f4b345abf870430716ee6965d9ec9b39,Datum28 (Datum28)
1c682360988340313021755b5013926a,Datum24 (Datum24)
8a1efa706621753575b1e3bc53096a54,Datum26 (Datum26)
bb127ec33a5817a999a5f98eff3a792d,Datum25 (Datum25)
8a89046a6c2fdeb8794dd220cdbc0f48,Datum23 (Datum23)
1d721b84a5511270de39b39354ee9697,Datum21 (Datum21)
df9cebd334331eae9bc40b24c0963dc0,datum1 (Datum1)
fddffefa91234a3ce4b3310b20c681ca,datum2 (Datum2)
fbef02e6eb01097e33594bff42b249fc,Datum3 (Datum3)
75f710aaafd18e0a594bf561eccfa686,Datum4 (Datum4)
1148767e3f4fad650853445eb65d4d92,Datum5 (Datum5)
f4ceb03358eb372154d1f912389429be,Datum6 (Datum6)
1812138b7f38ac0e34c4c889e73d17eb,Datum7 (Datum7)
a1728b25e8685f43ff0c47412b09ecb3,Datum8 (Datum8)
0ddd9a1b94b6019020f9e14407adfabb,Datum9 (Datum9)
cd1f916e394da256594174e692bb01c6,Datum10 (Datum10)
7ad5889b9a971b60c51b0d8d3ce2d7f6,Datum11 (Datum11)
0aa148cbb7aa7d62d63377f064bbcf18,Datum12 (Datum12)
e622e0ff718d76ca5150258c752b1f53,Datum13 (Datum13)
056f8864735155f6cd4fa0da3469a2fc,Datum14 (Datum14)
d76c905e02deee486127c8649783e798,Datum15 (Datum15)
9612cee5a4444e59ca5c045b5e7ee1ad,Datum16 (Datum16)
722605b065acf9c5f8745880a73b6d75,Datum17 (Datum17)
b49575631033340c4c87a0936fdcddf4,Datum18 (Datum18)
fbe7246fd244fa914c0b2042bd2fb630,Datum19 (Datum19)
efdca765ec8926e41cfe356ff594b26e,Datum20 (Datum20)